id,Domain,Status,Attractiveness,Demand,Length,Registrar,Created,Expires
dd0a78d0-bd52-4dd7-ae32-0066b67cbe7d,power.ac,premium,98,29,5,,,
5e8102b7-6919-48bd-887b-b73d1dd079d4,power.accountants,premium,98,29,5,,,
cd8ab985-6180-40c5-b91f-4d5ceefaf0c7,power.actor,premium,98,29,5,,,
fb7475d3-edfa-49a4-8e7c-04519361f7f7,power.adult,premium,98,29,5,,,
2700a823-318f-4f5a-8757-aff844dfdcf5,power.airforce,premium,98,29,5,,,
a0dcac71-f6d9-45f2-9c95-2018b2519e48,power.apartments,premium,98,29,5,,,
8b605ded-c26a-4c00-b324-ea1b71cde618,power.archi,premium,98,29,5,,,
8140997f-edc2-4a77-b869-2d9bd41b6a82,power.army,premium,98,29,5,,,
1957d70a-5a02-4a77-b6f6-9e262da4fbe1,power.associates,premium,98,29,5,,,
5a0072e2-82b4-4eb2-a3d9-9da249ea10b4,power.attorney,premium,98,29,5,,,
7a1d1940-0e10-46d8-8b93-833931074f13,power.audio,available,98,29,5,,,
24d25a81-84f2-47a6-bf6b-0db79a8c66b4,power.auto,available,98,29,5,,,
f593f58c-cff4-4668-939b-6f39a1efde41,power.autos,premium,98,29,5,,,
5dd4b505-b01f-4a6b-93ff-649a5260a818,power.baby,resell,98,29,5,"Xiamen ChinaSource Internet Service Co., Ltd",18/11/2025 21:52,18/11/2026 23:59
a50b8e92-8886-4c4a-a884-9b96fab3d447,power.band,premium,98,29,5,,,
0c897f17-7211-47e0-9203-469a86703c3b,power.bar,premium,98,29,5,,,
fa9a6ce2-fd16-4dd9-8e99-28ae0b6965d5,power.bargains,premium,98,29,5,,,
87ac7456-6ea3-4a28-b3c0-f90b1416859d,power.bayern,available,98,29,5,,,
1fa8d23b-c6a7-42a4-8c14-5185683b696d,power.beauty,premium,98,29,5,,,
2d087d1f-3c34-4905-abae-200a3ad2a613,power.berlin,premium,98,29,5,,,
c7a05bb6-7109-4662-98f3-cf73892d18d9,power.best,premium,98,29,5,,,
cc62ad31-62e2-4927-8243-46ba77426fd1,power.bid,resell,98,29,5,Porkbun,26/07/2019 14:41,26/07/2026 14:41
bf095eab-a843-44a4-8978-475693adfa4d,power.bike,resell,98,29,5,Porkbun LLC,04/12/2017 11:57,04/12/2026 11:57
43431fda-f4de-4b3f-af19-d97970c9d377,power.bingo,premium,98,29,5,,,
13b4533c-0864-4710-a7d4-3a247ad26893,power.bio,premium,98,29,5,,,
650c3b15-71a7-4c3a-9c22-f27bd8d5cb13,power.black,premium,98,29,5,,,
113b26fe-1cea-4961-9ce5-f76692ec264e,power.blog,premium,98,29,5,,,
9cb994b8-773a-47cb-ac48-b10730045951,power.blue,resell,98,29,5,"Spaceship, Inc.",17/04/2014 19:58,17/04/2026 19:58
7be2570c-8b5a-4354-a55f-709181087af6,power.bond,premium,98,29,5,,,
36eb6a2f-f3cc-4f71-a490-489384849edf,power.boo,premium,98,29,5,,,
867fbd09-2efd-4e46-b2f8-787eca2f810b,power.boston,premium,98,29,5,,,
1a76dc2b-5b26-4b88-84ef-c4eef67f1503,power.bot,premium,98,29,5,,,
e0137c35-94ee-4c90-a3b9-5ebf743eb4a8,power.boutique,premium,98,29,5,,,
f198e37c-05fd-4fc1-8782-bf98777eb5ab,power.build,premium,98,29,5,,,
714f33e7-ebd6-44bb-ab8d-dc8530cdf41d,power.business,resell,98,29,5,Porkbun LLC,10/12/2014 14:55,10/12/2026 14:55
a876603d-cb01-4871-ac60-a90204005b3d,power.buzz,premium,98,29,5,,,
ef068033-6312-43d4-b8a9-cc40a57b5439,power.bz,available,98,29,5,,,
57f1b51b-1653-43db-97ee-9d9b79a3f0cb,power.cab,premium,98,29,5,,,
3e3ee44e-9ec4-4f86-b3a7-5f984da72bb6,power.cafe,premium,98,29,5,,,
d8e4d6ab-2798-4f41-ba72-0612035c2a13,power.cam,premium,98,29,5,,,
e41f412b-fa2d-4e0a-8d2e-f46df46a7cc9,power.camera,premium,98,29,5,,,
21a75c1d-850f-49b5-8950-6aa94127df56,power.camp,premium,98,29,5,,,
e158d39c-4981-47b0-9f82-bcc80adb9cc7,power.capital,premium,98,29,5,,,
2bdbc6a3-7697-4245-a83d-4e78f9d2ad89,power.car,available,98,29,5,,,
9ba55a47-0141-4d00-a722-ec6b144db091,power.care,resell,98,29,5,"Spaceship, Inc.",07/05/2019 19:47,07/05/2026 19:47
2a6c1b44-275a-4c21-9042-b481b7a7ef05,power.careers,premium,98,29,5,,,
e8d0d249-147f-49f1-8afe-7b8cbf6007ce,power.cars,available,98,29,5,,,
e880ff87-6971-413e-a844-f9e5901ae9b8,power.casino,premium,98,29,5,,,
f0d3a4d4-a8a1-4310-8e52-8638bfcdbd5c,power.catering,premium,98,29,5,,,
2ea50dfe-a2f6-4e6b-b9f8-03cd952420c4,power.center,resell,98,29,5,"Spaceship, Inc.",10/09/2019 01:31,10/09/2026 01:31
f00e8730-63ad-42a8-85b6-e24d0b79672e,power.ceo,premium,98,29,5,,,
17193ed2-8445-4984-ba58-019a367cdd77,power.cfd,premium,98,29,5,,,
25477e63-19ad-444a-8f31-c7f8d26121ce,power.charity,available,98,29,5,,,
cf881720-803b-4ec7-8ac3-98685e9d8195,power.cheap,premium,98,29,5,,,
da2219c7-c1fb-4e06-a94c-4a89080d54e1,power.church,premium,98,29,5,,,
76b994fa-29fe-4ffe-8999-0674da29a9ea,power.claims,premium,98,29,5,,,
a179d184-0612-4e74-b168-22eae3056c4f,power.cleaning,premium,98,29,5,,,
7c5e3e44-9163-40da-a9d7-c6cdb84869a8,power.click,premium,98,29,5,,,
9bb4f4f4-d47f-45c8-a7e6-3452acbe0917,power.clothing,premium,98,29,5,,,
c39f7aec-7d6a-461d-8432-91588d5166c1,power.coffee,premium,98,29,5,,,
cd2b53a7-6f7b-45d4-bdc9-9bb2aa2d2667,power.college,premium,98,29,5,,,
dcc4111b-439f-4e1d-b034-e99ffd8a90b7,power.community,premium,98,29,5,,,
ca345221-8cd6-4317-80ce-2105414da48a,power.company,resell,98,29,5,"GoDaddy.com, LLC",09/09/2017 15:53,09/09/2026 15:53
86eee463-5ec1-418e-9c8c-2a3495ffdeb7,power.computer,premium,98,29,5,,,
63b120ad-f49d-4df5-88e7-6f631ff10cc6,power.condos,premium,98,29,5,,,
a379deff-d330-4721-a865-9b261805afd6,power.construction,premium,98,29,5,,,
c76aafbc-52b5-47df-9e00-b260ef0cb911,power.consulting,resell,98,29,5,"Spaceship, Inc.",23/07/2014 17:00,23/07/2026 17:00
ff3d3ad1-0ba6-4a51-9998-4ad24f52cdd7,power.contact,premium,98,29,5,,,
0167ea69-1d3f-4eaa-a0e6-957a84ab9dce,power.contractors,resell,98,29,5,GoDaddy Online Services Cayman Islands Ltd.,07/03/2021 10:17,07/03/2026 10:17
55181955-521a-448a-9ceb-72127b8f7d74,power.cooking,premium,98,29,5,,,
ffd9a1c7-260c-406f-94dd-8fa1258a1c81,power.cool,premium,98,29,5,,,
07b3ee1a-17f3-4ebf-9454-f990720794b8,power.country,available,98,29,5,,,
d83f1c85-167e-4658-962d-58c1918dbc7b,power.coupons,premium,98,29,5,,,
62c66ff7-5be5-45f4-941d-e7c24616c420,power.courses,premium,98,29,5,,,
2b1ff113-6345-4d63-882d-18932a0dc394,power.credit,premium,98,29,5,,,
ddd47194-9b64-4a0e-9673-38e0f079b24e,power.creditcard,premium,98,29,5,,,
94fe8867-aac3-4759-a523-8f18cdb5078f,power.cricket,premium,98,29,5,,,
8df85be4-1106-4e88-9fb7-7a42bfc28b40,power.cruises,premium,98,29,5,,,
4886e44b-a6f5-4d19-8d24-6ba8f6080398,power.cx,resell,98,29,5,West263 International Limited,16/05/2023 00:00,16/05/2026 14:41
1ece0644-548b-485e-868e-e5451955a909,power.cyou,premium,98,29,5,,,
b124472c-c790-4d54-96aa-717feca47229,power.dad,premium,98,29,5,,,
9660f6d9-9eb3-42a7-b4dd-c4a5cc1cfe57,power.dance,premium,98,29,5,,,
e48d1b1c-a843-400b-8e5a-ecde8a45ce02,power.date,premium,98,29,5,,,
8c881a08-7f8d-44ac-a580-28db9a47319f,power.dating,premium,98,29,5,,,
9192d86b-dca6-49d6-a0e1-78e2dfd0ad28,power.day,premium,98,29,5,,,
188bfd21-8cf7-4852-99f0-017b01b59fbf,power.dealer,premium,98,29,5,,,
180f3435-b59d-4cda-8b0a-e0ded353bf83,power.degree,premium,98,29,5,,,
9279c829-fee2-4c3f-905a-4d1d7544073d,power.delivery,premium,98,29,5,,,
1772d17b-b5dc-4a35-8fe7-0ce5140dff6f,power.democrat,premium,98,29,5,,,
0e9c0ca9-9bc2-4f08-a9e8-507a8ce545c8,power.dental,premium,98,29,5,,,
bb5e1cf8-beab-4f5b-991b-02ded0db6dc0,power.dentist,premium,98,29,5,,,
868f9dff-cabb-489c-9b85-cb9a1c2929ad,power.diamonds,premium,98,29,5,,,
9e8cc9f3-c883-4520-a780-22afc34336c8,power.diet,available,98,29,5,,,
59522cd3-9ede-4f37-8d45-7c2f0d0e6a99,power.digital,premium,98,29,5,,,
274fb9d1-95a4-4a6e-b587-8394cf9b719c,power.direct,premium,98,29,5,,,
75d23d3c-18af-4ca3-b8e3-b9295297c8d1,power.directory,premium,98,29,5,,,
f473679f-56a0-4680-90ab-db1d3c4b4faf,power.diy,premium,98,29,5,,,
6485e835-e1ee-4647-82c6-e642bc71c1e7,power.doctor,premium,98,29,5,,,
f12efa5b-5770-45dc-828a-647f130ec75f,power.dog,premium,98,29,5,,,
d19a7207-1aa0-4930-8231-2fa73db9cdf7,power.download,premium,98,29,5,,,
32a071ea-1edc-431f-919e-d8faf1df47c2,power.education,premium,98,29,5,,,
9cb68219-8312-4814-bce6-420f02236f66,power.engineer,premium,98,29,5,,,
429ceb46-1d05-4efb-a9d3-49c02fef1add,power.engineering,premium,98,29,5,,,
45f04846-5721-4d73-abcf-69f4037b2154,power.enterprises,premium,98,29,5,,,
cefbf65c-1792-4726-b3ef-d26a46c1a9a2,power.esq,premium,98,29,5,,,
fde3043c-e1bf-4c09-a128-4c581aa896b5,power.estate,premium,98,29,5,,,
9c8fdcf7-b5fe-406c-90ea-aee7adceff11,power.events,premium,98,29,5,,,
e1c773b3-bb44-41b0-88a7-551250c4ac51,power.exchange,resell,98,29,5,Dynadot Inc,02/10/2015 22:52,02/10/2026 22:52
260beead-81d0-4eb0-955a-fe2949acc943,power.expert,premium,98,29,5,,,
d265ad86-ed05-4911-a573-83f42f91361b,power.exposed,premium,98,29,5,,,
1010fd07-6154-4567-b518-6aae5c4f4794,power.express,premium,98,29,5,,,
afbb3448-e121-462c-a6c1-ad92b0839841,power.fail,premium,98,29,5,,,
3393132d-17b0-4ff0-bccd-acc8fd009fd9,power.faith,premium,98,29,5,,,
e2d10b4b-09c3-41e4-8123-299593c35a31,power.family,premium,98,29,5,,,
24b163b1-3437-41fc-a521-5ffe3662039a,power.fan,premium,98,29,5,,,
f99ad3e0-1a20-460e-b801-dcd5b56c664b,power.fans,premium,98,29,5,,,
42f49322-e78e-45b1-a469-9df33b1c6fc2,power.farm,premium,98,29,5,,,
bb66bee6-cacc-4c66-9f62-65a29e613c1f,power.fashion,premium,98,29,5,,,
b0bb3aea-888b-4d21-bedb-24a7f8aaf2a6,power.fish,premium,98,29,5,,,
1fca3706-8090-4d43-a8b3-e8e83f4a70f4,power.fishing,premium,98,29,5,,,
5542a7b9-139a-4196-8cec-16677944a043,power.fitness,premium,98,29,5,,,
e1b58a90-e44f-4939-9043-bbe8e0c7df0b,power.flights,premium,98,29,5,,,
45c7b35a-f5bd-4025-acc5-4633d701ea15,power.florist,premium,98,29,5,,,
e9c0b26d-c3c6-4bb2-8748-3148756cf190,power.flowers,available,98,29,5,,,
c79c5b6d-bdbd-4b19-bd23-ea91c4cbbdca,power.fm,premium,98,29,5,,,
fc2aef03-647d-423f-8772-cd79badd98a0,power.foo,premium,98,29,5,,,
8911eef2-720f-43d7-b81c-0e22da7ea67e,power.food,premium,98,29,5,,,
dd0da26b-c627-4242-90c4-9f74f4430b96,power.football,premium,98,29,5,,,
26a660b7-a962-4494-9834-348e7469d2ec,power.forum,premium,98,29,5,,,
1e64ab75-6d9a-48da-afd8-dcc477eb8fbc,power.foundation,expired,98,29,5,Porkbun LLC,18/10/2024 01:33,18/10/2025 01:33
c27692ad-ee3e-4b8e-acac-f1b283a48bbd,power.free,premium,98,29,5,,,
d028360d-4942-469c-885d-befd208ca5aa,power.fun,premium,98,29,5,,,
e1d49f38-68ad-4ae9-8107-013185d8c2c5,power.furniture,premium,98,29,5,,,
5d007371-111c-4dfd-8a15-9bb102dc4c6f,power.futbol,premium,98,29,5,,,
7eec74ba-f5d5-4101-aa99-0aef4447c439,power.fyi,resell,98,29,5,Porkbun LLC,11/09/2025 19:35,11/09/2026 19:35
37d6480e-7b3b-474a-b968-d2e856ee357b,power.gallery,premium,98,29,5,,,
75f9e818-decd-4a60-b501-e605ec17686c,power.game,premium,98,29,5,,,
fcad1ae1-06af-44b9-be1f-c6a0ca3731d1,power.gay,premium,98,29,5,,,
b7219041-105f-40c6-9c3a-d14520c0cfa3,power.gifts,premium,98,29,5,,,
e0faefa3-de39-431f-8336-148939f6c009,power.giving,premium,98,29,5,,,
633d4c83-3f8c-4933-8124-ecdf00f720fa,power.glass,premium,98,29,5,,,
1cbf2bc5-b74c-4b8f-8a89-b873748a6366,power.gmbh,premium,98,29,5,,,
8a78764f-c5a7-4042-b0bc-2ae0b91a2782,power.gold,premium,98,29,5,,,
e4abebfc-13a0-4c5a-ac8d-18bad869dc59,power.graphics,premium,98,29,5,,,
6ad19cd2-fde3-4cce-beeb-4c75f59a0be9,power.gripe,premium,98,29,5,,,
8a3412ef-1661-425f-a026-8fea3e7104ec,power.group,premium,98,29,5,,,
9ae10efa-bb28-427a-b83a-8ef12e4aae2c,power.guide,premium,98,29,5,,,
8b677193-7495-4306-a03f-2bb825c7dafa,power.hair,premium,98,29,5,,,
7a54ac54-ea0c-4c7a-a386-11fbd81e2b18,power.healthcare,premium,98,29,5,,,
00d740ed-04a4-439e-a971-39f67caa02e6,power.hiphop,available,98,29,5,,,
bbeaba44-e50d-42e5-9036-51c9b3b6086c,power.hiv,available,98,29,5,,,
3fe4660e-7145-45d3-aef9-20e4d9b24ed9,power.hockey,premium,98,29,5,,,
eeeca832-260c-46d2-ac9e-4a4186d4901e,power.holdings,premium,98,29,5,,,
72bbe364-777f-453b-a66a-ee625986bfed,power.holiday,premium,98,29,5,,,
e06a48f0-a3ca-4da1-8b2a-9b828ff4715f,power.homes,premium,98,29,5,,,
64e85d0a-2f86-4e81-993a-47c54cfa274f,power.horse,premium,98,29,5,,,
da185257-07da-40d0-a172-e2b537fe6b28,power.hospital,premium,98,29,5,,,
ce511af4-17bf-4dcb-a827-978b97c0cceb,power.host,premium,98,29,5,,,
adbe98a2-040e-4ba7-a986-1ad15be8b8b2,power.hosting,available,98,29,5,,,
127ad6d4-2cef-47b7-94c4-4368ca614df2,power.hot,premium,98,29,5,,,
26a32f5d-92e7-4017-b44d-6b7073f2568b,power.house,premium,98,29,5,,,
3585fe4f-ca61-4d20-ba48-cca8eabd6663,power.how,premium,98,29,5,,,
e454dc3d-ce36-4f21-a1ee-b8df70d6fb73,power.im,premium,98,29,5,,,
29af2263-44d4-4bb9-9695-d37a20a045af,power.immo,premium,98,29,5,,,
4f637317-18d4-4a4d-be5f-6c8949e22405,power.immobilien,premium,98,29,5,,,
96d6cf2c-116b-439b-b688-db905096293e,power.industries,premium,98,29,5,,,
5e590c01-bd41-4502-a43d-bbff0690a42c,power.ing,premium,98,29,5,,,
108dcdf0-5f65-4ea7-ad56-a66447612869,power.institute,premium,98,29,5,,,
0e9bef51-c2f1-4aee-a107-c5cba08cab8c,power.insure,premium,98,29,5,,,
632743ca-a15e-4ae8-a2a8-161b4e86e3cf,power.investments,premium,98,29,5,,,
94e4f70c-1065-48e4-b149-d81a7e409ffb,power.irish,premium,98,29,5,,,
b848933b-1eca-4435-a271-b0a19a023595,power.jetzt,premium,98,29,5,,,
2b0a45b2-7753-42e2-9167-97f86cbdeb81,power.jewelry,premium,98,29,5,,,
77e0bba0-f5c8-47a8-986a-ccf77b331f9e,power.juegos,premium,98,29,5,,,
41fadf4e-56be-497e-a55c-4d9a720d784d,power.kaufen,premium,98,29,5,,,
de92a736-1f8a-44f2-90d9-d8c1e8d0f6d7,power.kids,premium,98,29,5,,,
0d8f0951-22f9-49ae-8a9f-730309d6da95,power.kim,premium,98,29,5,,,
3bd41352-3dcf-48c8-ada6-683f56a57a6c,power.kitchen,premium,98,29,5,,,
5e9f3ac2-39d8-453a-851d-4359b9321f31,power.lat,resell,98,29,5,Dynadot LLC,27/10/2024 16:34,27/10/2026 23:59
64d19197-abf5-4430-ae6e-6e2ebffe777d,power.lawyer,premium,98,29,5,,,
280c1125-6807-4f99-a1cc-cd83f06fb459,power.lease,premium,98,29,5,,,
809c9cdc-7b2b-4499-b08b-6291bec97b16,power.legal,premium,98,29,5,,,
ebf20c4a-9405-46a8-9ffe-410fba984440,power.lgbt,premium,98,29,5,,,
edb447f7-5530-4696-83f1-2eec3299190e,power.life,resell,98,29,5,"Spaceship, Inc.",16/09/2024 15:15,16/09/2026 15:15
9648c80a-72e6-4514-b476-e08f3a0adf56,power.lifestyle,premium,98,29,5,,,
5e9fa004-d5d1-4de6-9ae3-ad9f84f0701f,power.lighting,resell,98,29,5,"GoDaddy.com, LLC",28/10/2019 06:40,28/10/2026 06:40
0c4e1522-b426-4b9f-afc5-a176d2719001,power.limited,premium,98,29,5,,,
0fa82604-fd21-46a5-83ec-6dad64823182,power.limo,premium,98,29,5,,,
f40887aa-98af-4616-bc63-5e2d81428486,power.living,premium,98,29,5,,,
0f975bf1-2899-4d2a-964b-7c440fe891a4,power.llc,premium,98,29,5,,,
84a8931e-e5e6-4120-b7c5-f26c9e3f2b04,power.loan,premium,98,29,5,,,
be4dd260-4102-489c-b381-e2533c7baba0,power.loans,premium,98,29,5,,,
c1693d15-02b5-4378-8831-f1ca6ab3e985,power.locker,premium,98,29,5,,,
e84e355a-0db0-4849-be3d-81b1c0c690d8,power.ltda,premium,98,29,5,,,
cf7877f9-e88e-4e3e-a9b6-e180eba8b2ab,power.luxe,available,98,29,5,,,
07515c79-b19e-49bc-bcca-ec496d9795c1,power.luxury,premium,98,29,5,,,
cb8bc582-0c7d-4ec1-a380-fd40536f270c,power.maison,premium,98,29,5,,,
91324dad-2eef-4e29-9fc4-c9e0e05458a9,power.makeup,premium,98,29,5,,,
aa79310f-0b08-43df-b623-12fda0d88c7e,power.management,premium,98,29,5,,,
ccb94656-a2b6-4366-ab26-2de6d25baf0f,power.market,premium,98,29,5,,,
52db30be-22c3-4966-924c-9171864f1f69,power.marketing,resell,98,29,5,"Spaceship, Inc.",13/04/2014 19:34,13/04/2026 19:34
c55b0865-7aea-41dc-a31d-a4dd2c8d9e4e,power.mba,premium,98,29,5,,,
ebdddc9f-e169-467c-b7b9-bd63dbd42d25,power.melbourne,premium,98,29,5,,,
180e5c76-c000-4ed0-8470-f97168ca68eb,power.meme,premium,98,29,5,,,
de8c84f5-5e61-49f0-98ed-25c48867fecc,power.memorial,premium,98,29,5,,,
4af87b2d-0867-4872-8164-78f58d29145d,power.men,resell,98,29,5,Dynadot Inc,27/02/2019 12:09,27/02/2029 12:09
5d8d2e00-07ef-4a56-9fd9-27a3000f1b93,power.menu,premium,98,29,5,,,
b5ae8cbd-84e3-46b6-9f53-10ac1e71f4fc,power.miami,resell,98,29,5,InternetX GmbH,02/10/2015 16:07,02/10/2026 16:07
1bdc6cd2-cd96-491c-bc9b-eb06d16df909,power.mobi,premium,98,29,5,,,
34ab6cc2-5465-426b-af10-a8842de49469,power.moda,premium,98,29,5,,,
4b17dff3-13d0-4d92-9339-1e4e9c38095e,power.moe,premium,98,29,5,,,
2823291b-2343-45f7-b10c-5496692e3fb9,power.mom,premium,98,29,5,,,
c430daf2-5c1e-4455-9f3b-c0365cb9affb,power.monster,premium,98,29,5,,,
b4f14cd2-50f6-469b-a4a7-ca0d560093d5,power.mortgage,premium,98,29,5,,,
f67513c3-2a97-4145-8c9f-942790ab0a6b,power.motorcycles,premium,98,29,5,,,
b39e4cc8-cf3b-413a-9258-817944a10eb6,power.mov,premium,98,29,5,,,
0231bda2-d6c4-4009-a820-9a17f06925be,power.movie,premium,98,29,5,,,
d5ce01f4-d56a-4351-8cd9-f30559616842,power.music,premium,98,29,5,,,
291c420f-7a40-458d-8398-5a857582eb64,power.navy,premium,98,29,5,,,
9073f03c-352d-4e73-b056-cd5f708391b6,power.network,expiring,98,29,5,"GoDaddy.com, LLC",10/12/2014 16:07,10/12/2025 16:07
9e4c838f-93e2-42a1-928f-fefb1900064c,power.nexus,premium,98,29,5,,,
9883bbe8-10ac-4e17-bb80-11710df43510,power.ninja,premium,98,29,5,,,
0d508994-ee07-4e8c-9145-d50f6d4470af,power.now,resell,98,29,5,Porkbun LLC,30/09/2024 21:07,30/09/2026 21:07
6ed1be65-e17b-464d-bcd0-4c1890a77a68,power.observer,premium,98,29,5,,,
7651625c-bbe9-4777-b54b-7819c0d7972e,power.onl,premium,98,29,5,,,
8231b97b-ddd9-48de-9a6e-da3322d57d33,power.online,premium,98,29,5,,,
5a6b972d-5530-4a56-80b8-0d8181cd667f,power.ooo,expiring,98,29,5,"Porkbun, LLC",05/01/2024 17:29,05/01/2026 23:59
55fae38d-c7e0-4ed7-b79b-f57f38d781c8,power.organic,premium,98,29,5,,,
1809d4bc-a518-4c33-919c-413641e33c00,power.osaka,premium,98,29,5,,,
4967f8d1-f51b-427f-88e4-e4c6917e425b,power.page,premium,98,29,5,,,
c93e07f1-cf77-41d3-a3e7-3ea5e94d0a33,power.party,premium,98,29,5,,,
9040e307-f9b4-44fd-8b5f-2e7b155b9d9e,power.phd,premium,98,29,5,,,
9f31fde2-29b6-499a-9299-b9ade954028a,power.photo,expiring,98,29,5,"NameCheap, Inc.",11/12/2022 14:36,11/12/2025 14:36
c8ae7ffe-652d-443a-90c1-7be9e256063a,power.photography,premium,98,29,5,,,
324a5806-6136-4110-b9f6-75e004327139,power.photos,premium,98,29,5,,,
0d36e69a-7f5e-4261-a85e-f32cd9cc0883,power.pictures,premium,98,29,5,,,
b8af5972-9aa3-4bea-bbe9-60499c639ba6,power.pizza,premium,98,29,5,,,
907385f8-5c2b-44ea-85bd-034344fa3122,power.place,premium,98,29,5,,,
53d78681-1900-4bd4-be1a-03eb667233c5,power.plumbing,premium,98,29,5,,,
3b7c14bb-beb8-4243-a85a-0c4fc4f9d24d,power.poker,premium,98,29,5,,,
7b33c1bd-ab28-4735-b413-cb6e88adfb39,power.porn,premium,98,29,5,,,
57d6ce90-1b08-4daa-b885-3a8744ced71b,power.productions,premium,98,29,5,,,
c525ea4b-a71e-4724-9ffd-73163dc97c62,power.prof,premium,98,29,5,,,
563aea42-3c00-4c0d-85f1-73192d2ff2fb,power.promo,premium,98,29,5,,,
40428c35-cbee-4239-8fb0-f50f00477dc5,power.properties,premium,98,29,5,,,
90b19fad-5833-4894-877b-f867797bcc91,power.property,premium,98,29,5,,,
87a4e02c-49f8-4815-9ec3-0967c75f10cb,power.protection,available,98,29,5,,,
9e9e8b5b-69db-4305-902d-5fc05851cd3e,power.pub,resell,98,29,5,"DNSPod, Inc.",24/07/2016 17:59,24/07/2026 17:59
ad825de5-bfe2-4f8d-9e03-622d5f7bed81,power.pw,resell,98,29,5,"Name.com, Inc",03/12/2012 18:54,31/05/2027 23:59
b09339e6-88b0-4456-a7a2-214a74454807,power.qpon,available,98,29,5,,,
13c86455-4ca0-4daf-b14f-18cd548ec57c,power.recipes,premium,98,29,5,,,
e2183417-a290-4324-9b7c-aa49bf088e37,power.red,premium,98,29,5,,,
2d67619a-b831-4adc-8854-35976c1c70dd,power.rehab,premium,98,29,5,,,
4082a1eb-3d81-4bb1-91c8-ef01d23363c4,power.reise,premium,98,29,5,,,
8f31e247-a7b0-454b-9dd7-58f4d3b268cf,power.reisen,premium,98,29,5,,,
4f01124f-b8b6-40df-ae81-89b413db29e1,power.rent,premium,98,29,5,,,
333c8c77-1581-46a7-934d-10e7a79f7c4b,power.rentals,premium,98,29,5,,,
caa1ca0a-5fc2-4aaa-88cc-6e3131d6f1f0,power.repair,premium,98,29,5,,,
6e3755f8-2b25-435b-b58f-28d136548573,power.republican,premium,98,29,5,,,
bc2184fe-9015-4405-8c30-e799bf320324,power.rest,premium,98,29,5,,,
866a9d25-34bc-4d7b-af9b-05436c06933f,power.restaurant,premium,98,29,5,,,
6b37b3c0-80cf-47b5-9f44-df0a4a5f608b,power.review,premium,98,29,5,,,
ee5e24d5-70ff-4370-bd85-b222e8ac6bad,power.rich,available,98,29,5,,,
e2086076-b001-4237-94ef-9c80f4416d7f,power.rip,premium,98,29,5,,,
004a86bc-e78a-4ef6-93fb-8a6446cef0e8,power.rocks,premium,98,29,5,,,
d17086c1-e941-4592-a557-19ca5c19c783,power.rodeo,premium,98,29,5,,,
460ff9e5-f356-446d-9363-4a94521a2d7f,power.rsvp,premium,98,29,5,,,
98ae329d-5841-40e3-8820-6afd8ec8cb9b,power.run,premium,98,29,5,,,
5480cb28-764f-4a08-a9a4-9fd636c5cdff,power.ryukyu,premium,98,29,5,,,
b8797ad2-049b-4e5f-a754-8c6528569355,power.salon,premium,98,29,5,,,
3e8e2fda-8a6b-4482-93d3-5f74f4d81f93,power.sarl,premium,98,29,5,,,
8aee038b-2a9b-4acd-9a71-f9b1cda3d980,power.sbs,premium,98,29,5,,,
4cb4008e-7aca-4e5e-aae7-7804ed253d62,power.school,premium,98,29,5,,,
c340222d-61c4-4044-b3b8-d0fa1f2f5f46,power.schule,premium,98,29,5,,,
7dd9436f-d389-476c-875c-52730b184b93,power.science,premium,98,29,5,,,
d724ec90-4bc1-4a67-a9b6-f1f29f6e51fe,power.security,available,98,29,5,,,
0b6ac16a-51ce-400c-a42e-02e12cead701,power.services,premium,98,29,5,,,
c0b8a725-b3dd-4adf-8891-3b5565589441,power.sexy,premium,98,29,5,,,
18e3fcc8-673f-42ab-be09-e22642043aeb,power.shiksha,premium,98,29,5,,,
cf7a3580-51ee-4235-aa73-1a71318122d2,power.shopping,premium,98,29,5,,,
0bad85eb-52e0-4620-9619-e90e1f671d61,power.show,premium,98,29,5,,,
fecb8e53-2106-4ceb-937b-eb5f7ea49604,power.singles,premium,98,29,5,,,
a1f83eb4-7240-465b-9ab4-af56d0937439,power.site,premium,98,29,5,,,
1adc931f-1b3f-4ab8-8520-d55790970823,power.ski,premium,98,29,5,,,
39f09b84-647e-4aef-b358-f8287a1296c9,power.skin,premium,98,29,5,,,
238fbde9-f2e6-4f5b-a927-bdb54c36a300,power.so,resell,98,29,5,NameCheap,21/06/2020 05:03,21/06/2026 05:03
807abebe-3b1f-4d23-a1e1-02382b54a9b3,power.soccer,premium,98,29,5,,,
25de3f31-3ffc-4297-9e82-3289982dfff5,power.social,resell,98,29,5,"Spaceship, Inc.",21/09/2023 15:15,21/09/2026 15:15
a7d57e0d-d1f6-4f5e-b6b7-6ab5705edeae,power.software,premium,98,29,5,,,
b9b9dfda-91ba-4d49-b151-8297dc0c0f48,power.soy,premium,98,29,5,,,
06295bfb-305f-40b3-878d-448c93fdd0e1,power.space,premium,98,29,5,,,
a12646fa-8557-4e33-82a5-680790aa6330,power.spot,premium,98,29,5,,,
00808ddc-dedd-49f7-b57b-046c2a02ebaa,power.srl,available,98,29,5,,,
a47f866d-7b2c-41f2-858b-816f27c172c1,power.storage,available,98,29,5,,,
17bfe614-ac12-408d-926a-e6ea44162db2,power.store,premium,98,29,5,,,
221e964f-c045-4fe0-ab28-a97083ea97c4,power.stream,expired,98,29,5,"NameCheap, Inc.",04/12/2022 05:22,04/12/2025 05:22
dea7794e-cf54-4235-b0e7-a8b9bd68e703,power.style,resell,98,29,5,united-domains GmbH,21/11/2023 11:19,21/11/2026 11:19
d519fd63-e41d-4333-a051-d82a3c295c39,power.sucks,premium,98,29,5,,,
5287183a-9256-433f-99a9-5a81ad1c1847,power.supplies,premium,98,29,5,,,
211c7c0c-07ce-48a4-852c-b7512bb79ddd,power.support,premium,98,29,5,,,
b7cbcfcf-b447-40f5-baf1-25df98fa9dbf,power.surf,premium,98,29,5,,,
2e8158c7-8e05-4405-970a-db18bd25ae0b,power.surgery,premium,98,29,5,,,
050fc017-1652-4c56-bbe4-a27b6fd305bb,power.sydney,premium,98,29,5,,,
586cec85-efdf-4d91-aeff-4d09be19bfa0,power.systems,premium,98,29,5,,,
3d420cc3-a1f3-45eb-80ce-fc8841708309,power.talk,premium,98,29,5,,,
fec5f446-30db-4cc2-8262-2b65ada80fae,power.tattoo,expired,98,29,5,"Spaceship, Inc.",02/10/2024 08:11,02/10/2025 08:11
8870abf5-fcfa-4246-b222-5fa703ce8cd0,power.tax,premium,98,29,5,,,
fc17d3d9-32f1-4096-9a13-9182cc3eb48f,power.taxi,premium,98,29,5,,,
803f3097-c924-4831-a5eb-df76ed77653f,power.team,premium,98,29,5,,,
2bf71c77-db7f-4205-95b6-bb7e5167f6ac,power.tennis,premium,98,29,5,,,
ab3aa90d-129a-4986-a9f2-ba71326a19c7,power.theater,premium,98,29,5,,,
577b4346-d2f7-4fd7-a520-564406881ca9,power.theatre,available,98,29,5,,,
fbad14cb-f903-4d03-be37-b7efa0f43a04,power.tickets,available,98,29,5,,,
6de42359-5f7d-4dd4-b90b-74e4384070bf,power.tienda,premium,98,29,5,,,
ab7e5fc4-9709-4ab6-8cc0-f555c0541d81,power.tires,premium,98,29,5,,,
7f74259d-4234-4b5d-a424-68744ed99927,power.today,premium,98,29,5,,,
8940f7b5-be8b-47bf-895c-0ce4d7861052,power.tours,premium,98,29,5,,,
8a883cbb-4317-49f7-980f-8871eaa2427a,power.town,premium,98,29,5,,,
7ff22c22-0edf-4703-a174-8d2ba27abf04,power.toys,resell,98,29,5,"GoDaddy.com, LLC",02/11/2019 22:25,02/11/2026 22:25
3cfc2975-8512-4044-981c-4d07ed8d2206,power.travel,premium,98,29,5,,,
aa1c3446-0a66-4b34-a493-e92c10a653e8,power.tube,expired,98,29,5,"Latin American Telecom, LLC",08/11/2017 19:27,08/11/2025 19:27
84a3798c-4663-4412-b01b-d025dfc871a6,power.university,premium,98,29,5,,,
2091a7ca-4356-4f0d-b3b4-3066cfd1321c,power.uno,premium,98,29,5,,,
db14c6f0-b0fe-4abe-b6e2-2623d468bb0a,power.vacations,premium,98,29,5,,,
13dd8fcc-1b02-4230-af26-f5298f160f91,power.vana,available,98,29,5,,,
323f002e-bde1-4cad-906e-53527b7f4a40,power.ventures,premium,98,29,5,,,
449595e3-a414-4d48-ac5c-075f402ddf93,power.vet,premium,98,29,5,,,
11449c5e-560f-4180-b179-3cc7d7bcabc1,power.viajes,premium,98,29,5,,,
ce259740-bc15-4e9e-9722-1efa725a361d,power.video,resell,98,29,5,"Sav.com, LLC",20/11/2025 17:32,20/11/2026 17:32
0e36e147-5ecf-447f-9ef3-cffcc7d65996,power.villas,premium,98,29,5,,,
9c3aa4e7-9aea-42f9-a2a3-7c92bb350e4c,power.vin,premium,98,29,5,,,
4257e53c-b2d8-4602-8d7e-07834b0f79e6,power.vision,premium,98,29,5,,,
2aedcf0d-3fa7-47f8-93a1-140aecb23292,power.vodka,premium,98,29,5,,,
87141b50-edde-418e-be8a-e989412a266c,power.voting,available,98,29,5,,,
14346d0a-2729-4db0-9ad4-d2c6afc60bf5,power.voto,premium,98,29,5,,,
81aff552-02f5-44da-8f51-a629da140b59,power.voyage,premium,98,29,5,,,
a41e66a8-9506-47c0-b471-1d11963396c2,power.webcam,premium,98,29,5,,,
e14f49bf-ce4a-452e-a034-4f836afd7dda,power.website,premium,98,29,5,,,
33a9a8fd-7476-4a85-bbfc-dbc9a6d29130,power.wiki,premium,98,29,5,,,
7a2ecc81-3e34-4527-8de6-7a8c2b4d904f,power.wine,premium,98,29,5,,,
09c8d005-af96-4c6c-afdc-ce77afbb0dc4,power.work,resell,98,29,5,"Name.com, Inc.",18/10/2019 18:30,18/10/2026 18:30
c0c74d4b-e5f3-43b8-a45d-681cd55b2130,power.works,premium,98,29,5,,,
59d06e23-e589-4978-ae7c-628f9a6f98bf,power.world,premium,98,29,5,,,
5d23872a-7e25-4039-8c52-631daa18f2c8,power.wtf,premium,98,29,5,,,
0e2f6043-b2ca-4d3e-8582-7c94af70d427,power.yachts,premium,98,29,5,,,
e1c59bde-1089-44f1-adf4-89bf2cd7bbb7,power.zip,premium,98,29,5,,,
4b5f2aa4-fa45-461b-8bee-28cea4460382,power.zone,expiring,98,29,5,united-domains GmbH,03/01/2019 15:29,03/01/2026 15:29
b0cc7e1f-11c3-4f97-897e-4c4b06d8f2e6,electricity.at,sold,80,80,11,DomainQuadrat Marketing GmbH ( https://nic.at/registrar/581 ),,
969d017f-911f-488f-bc52-d88418fbed3c,electricity.cloud,premium,80,80,11,,,
44f4698d-d4b2-401b-a4e3-ae4f39df8c3f,electricity.dev,premium,80,80,11,,,
d6dd22f0-9d0e-4eaf-87d5-8956dcc1baf8,electricity.expert,available,80,80,11,,,
b40e3417-cfd2-4001-8e18-45b3239273c3,electricity.it,resell,80,80,11,,17/03/2018 09:00,12/03/2026 00:00
506fbd20-493b-4b64-b043-54a0adddd110,electricity.me,expiring,80,80,11,"GoDaddy.com, LLC",17/07/2008 17:55,17/07/2025 17:55
e126de18-bfd7-43bf-9954-5b905ca9e784,electricity.online,premium,80,80,11,,,
37b762d1-c1fa-45de-9666-b79b158d3401,electricity.pro,resell,80,80,11,"Soluciones Corporativas IP, SL",25/11/2007 00:00,25/11/2025 00:00
260a53aa-5142-4ec0-a6e1-5f0f816a9912,electricity.site,premium,80,80,11,,,
81d4c3d3-a9c0-4209-b43d-b64d9d20aac9,electricity.so,resell,80,80,11,Dynadot LLC,13/03/2023 18:01,13/03/2026 18:01
664d81d5-6c99-4bdc-b7a6-1a7cbdbe6c23,electricity.store,premium,80,80,11,,,
43d32877-1467-4f32-b76b-b34af1e8b7a3,electricity.tech,premium,80,80,11,,,
52dfdea0-d020-4298-b1be-4028a6419f90,electricity.us,resell,80,80,11,"GoDaddy.com, LLC",24/04/2002 14:02,23/04/2026 23:59
f5b8004c-8b8b-4faf-85c5-19f7c57078c4,electricity.zone,available,80,80,11,,,
e683e4d4-4497-459c-80d3-b22b4330c129,supply.at,available,100,88,6,,,
da2e0753-7ba9-4220-a0d4-ff6657801a32,supply.expert,premium,100,88,6,,,
b65d1969-4cd4-428f-bf10-74b5ad822d33,supply.me,premium,100,88,6,,,
820bf357-b074-4d72-b011-a2e26ae2b6db,supply.online,premium,100,88,6,,,
96567d07-669d-46a0-8bcb-d00394112f6d,supply.pro,resell,100,88,6,Dynadot Inc,26/08/2008 00:00,08/09/2025 00:00
a654ace0-2644-43a9-86cc-858597a048c6,supply.site,premium,100,88,6,,,
bd89dc12-0c75-4470-91f4-ee5b2f171f39,supply.so,expiring,100,88,6,NameCheap,06/08/2021 01:36,06/08/2025 01:36
9a33153b-16e9-4fc3-83bf-6dcd97b6e24e,supply.space,premium,100,88,6,,,
3239e82b-5044-4cb1-92ca-97d931f43fc1,supply.store,premium,100,88,6,,,
1adc7c77-32cc-4ff5-9be8-d9f7a708dcb7,supply.tech,premium,100,88,6,,,
1d4b5d78-91aa-4459-9621-e5fc7c9243c1,energy.ac,resell,82,35,6,"GoDaddy.com, LLC",12/07/2022 13:15,12/07/2026 13:15
6da85203-f1d8-4497-8876-d529b0f27b09,energy.accountant,premium,82,35,6,,,
fb40e6bf-caa5-4bd1-9e22-1fe6b763dd0d,energy.actor,premium,82,35,6,,,
e4d8199d-8ccd-4b94-910f-209e4f93a97a,energy.adult,premium,82,35,6,,,
ba6daa15-017f-41fa-803d-ccd955acb56e,energy.agency,premium,82,35,6,,,
3aa36de7-9b01-48ed-a62c-c85a48d3f3af,energy.airforce,available,82,35,6,,,
b1273089-0986-4c90-816e-0ebf5ae33a67,energy.apartments,available,82,35,6,,,
7d57f675-c0d9-4a12-9ec7-8452d4c8dca5,energy.archi,available,82,35,6,,,
a05e9774-5582-4b51-bfe2-cf79a152ed4d,energy.army,available,82,35,6,,,
8aefb8d4-c1e6-4212-a56f-6a4a270561f9,energy.at,available,82,35,6,,,
21924ab4-6639-47b5-ad26-e917e6e4344a,energy.attorney,premium,82,35,6,,,
ab24ef5b-8641-4587-87c4-fb5ac5dfeab6,energy.audio,premium,82,35,6,,,
7a8d561b-7487-4648-9a9e-33e18bdda67b,energy.auto,available,82,35,6,,,
366a2c64-7353-43f0-b30d-5862d0104683,energy.autos,premium,82,35,6,,,
7e26d629-500d-4798-97df-2ae6ba86894f,energy.baby,premium,82,35,6,,,
1f1d7239-ad18-4f55-bb0f-cb16e05fc95f,energy.band,premium,82,35,6,,,
a8e4f91c-fe3f-4295-ba35-e5a08f62bc45,energy.bar,premium,82,35,6,,,
6e2729f6-05e7-4ef2-809c-7ffd25882e26,energy.bargains,premium,82,35,6,,,
a6dbe88e-bce2-4666-9662-2be512732c2e,energy.bayern,premium,82,35,6,,,
03a0b111-4c6c-4f6a-b6fd-b30feb2c637b,energy.beauty,premium,82,35,6,,,
c9103dfd-952f-48ef-bb56-a1da7d33db7f,energy.beer,premium,82,35,6,,,
e7aa7769-d2e3-409a-a538-e2b0e887a715,energy.berlin,resell,82,35,6,,02/07/2014 21:02,02/07/2026 21:02
b14edbf2-21e2-415e-aa26-860434d91ad6,energy.best,premium,82,35,6,,,
1ae8196d-01fc-48ca-b7d1-69cf9ae9f7be,energy.bid,premium,82,35,6,,,
2fae0489-ad88-46e3-a087-2f4bcc92970b,energy.bingo,available,82,35,6,,,
c3a84e2d-02fb-4ee8-b168-5e73b3e6d826,energy.bio,resell,82,35,6,Vautron Rechenzentrum AG,21/08/2014 10:17,21/08/2026 10:17
20c0106f-c33f-439c-81ec-25906c23a74f,energy.black,resell,82,35,6,"Xiamen ChinaSource Internet Service Co., Ltd",23/06/2025 15:15,23/06/2026 15:15
2a90fedd-a04c-4583-9cfe-0cf40a4b8423,energy.blackfriday,available,82,35,6,,,
672dedb5-1954-4645-8067-62044fb9e9ad,energy.blog,premium,82,35,6,,,
549ff3f7-9c24-4003-a534-1ea4db8c7b1e,energy.blue,resell,82,35,6,"Spaceship, Inc.",23/09/2022 13:15,23/09/2027 13:15
110adce7-1f87-481a-b124-a10f93e36102,energy.boats,premium,82,35,6,,,
fc749b95-7c93-4dec-9323-729ec8e7638a,energy.boo,premium,82,35,6,,,
9b0f3167-28d7-456a-82ca-b11a3329ff84,energy.boston,premium,82,35,6,,,
f3e641b8-335b-49a7-a95b-3c15c5367921,energy.boutique,expiring,82,35,6,"Sav.com, LLC",03/01/2025 17:13,03/01/2026 17:13
c01c073e-91dc-4501-846f-cd318c4b5cd7,energy.build,premium,82,35,6,,,
96f034ed-85d6-4e40-8870-5e57653012e7,energy.business,resell,82,35,6,Porkbun LLC,08/12/2014 19:02,08/12/2026 19:02
7c0c98aa-828e-4c25-8994-e1117c40610a,energy.buzz,premium,82,35,6,,,
fbf2b490-b51c-44ed-a9c7-dd7643ad173d,energy.cab,expiring,82,35,6,"Xiamen ChinaSource Internet Service Co., Ltd",10/12/2024 00:26,10/12/2025 00:26
f8ebf9f3-111d-4922-b501-b93617639cd2,energy.cam,premium,82,35,6,,,
a1bf2cbf-579d-4580-a1d7-742602c6ecf3,energy.camera,available,82,35,6,,,
85077984-5fab-4e46-86d6-6a833c653139,energy.camp,premium,82,35,6,,,
70e37720-deb0-474c-bb4d-0bc937e298fc,energy.car,available,82,35,6,,,
13afb955-c8dc-4e58-81ff-b4672e63d075,energy.care,resell,82,35,6,GoDaddy Online Services Cayman Islands Ltd.,01/11/2015 19:26,01/11/2026 19:26
7ae5096a-f992-4883-b173-417beb465627,energy.careers,premium,82,35,6,,,
9c62def1-545f-4bfb-bf19-2a4dd75f110f,energy.cars,available,82,35,6,,,
23ede001-6707-42a6-b25f-63dbf345fd3a,energy.casa,premium,82,35,6,,,
1e71f6c3-a961-4571-89c0-9b2329675122,energy.casino,expiring,82,35,6,"Global Domains International, Inc. DBA DomainCostClub.com",30/12/2024 15:15,30/12/2025 15:15
910f6198-a3e9-466b-bad9-697d765dc2dc,energy.catering,premium,82,35,6,,,
91cbcbd8-9f08-4fa3-bb26-1b56b49b2396,energy.cfd,premium,82,35,6,,,
2213017c-fd62-4f46-9554-84df1926d668,energy.charity,premium,82,35,6,,,
bd9e8153-6ecc-49a3-9fbf-fb608dd74416,energy.cheap,resell,82,35,6,Dynadot Inc,17/09/2025 17:00,17/09/2026 17:00
5eaafcfc-c405-49d4-a121-40d3456ee704,energy.christmas,available,82,35,6,,,
e7722793-3d3b-4024-8ae6-5cc1c2201910,energy.church,available,82,35,6,,,
b083281d-3ac0-4765-84ba-e8294b195564,energy.city,resell,82,35,6,"NameCheap, Inc.",08/10/2014 16:17,08/10/2026 16:17
756720f2-343f-49e8-bbcc-7e0f4b6a4c63,energy.cleaning,premium,82,35,6,,,
225f2f4f-0f04-4b3d-a787-0b51dad8225d,energy.clothing,available,82,35,6,,,
a9ab35a7-19af-404f-a681-937ca4b9ddd7,energy.club,resell,82,35,6,"GoDaddy.com, LLC",20/07/2015 13:41,19/07/2035 23:59
83175a48-699e-43ec-87ba-bb2d70437f0d,energy.co,resell,82,35,6,Hello Internet Corp.,25/02/2010 00:26,24/02/2026 23:59
6222be7b-0b53-45e5-b11b-eda5242e715c,energy.coffee,premium,82,35,6,,,
91314ffc-a445-46ee-ad0a-069cc04299ec,energy.college,premium,82,35,6,,,
7ea3495d-59ec-42af-aec3-9f967ffd6050,energy.community,resell,82,35,6,"Global Domains International, Inc. DBA DomainCostClub.com",11/03/2020 13:41,11/03/2026 13:41
2f269410-c211-4930-843f-5d4451d54f98,energy.company,resell,82,35,6,"Name.com, Inc.",24/06/2015 19:07,24/06/2030 19:07
2f0dcdb4-b1dd-4e6d-bcb3-d4940cf2217d,energy.condos,premium,82,35,6,,,
b138cbec-5580-4a8b-97a1-020e4b05e65e,energy.consulting,premium,82,35,6,,,
7037c75c-b47b-4a64-b951-1a34df4afbf8,energy.contact,expiring,82,35,6,Porkbun LLC,09/12/2020 16:00,09/12/2025 16:00
ce284d19-5241-4ca1-be6c-69ac818d8acd,energy.contractors,premium,82,35,6,,,
2d775213-e4be-454b-8a9c-acbd213be4cb,energy.cooking,premium,82,35,6,,,
ace0e763-65ca-4d53-93f6-aed3cd742f22,energy.cool,resell,82,35,6,"DNSPod, Inc.",04/07/2015 06:19,04/07/2026 06:19
7c8dde7c-3cd2-4c73-b703-b1da6b13b150,energy.country,available,82,35,6,,,
6b359d24-d81d-44c8-8f00-91d9e003606f,energy.coupons,resell,82,35,6,"Sav.com, LLC",09/01/2025 17:10,09/01/2026 17:10
b0e130a6-788f-426f-a224-7fea6d706df2,energy.courses,premium,82,35,6,,,
72a332c1-1777-4e2c-b049-8a0af41e174e,energy.credit,resell,82,35,6,Epik LLC,08/06/2017 17:52,08/06/2026 17:52
5a827591-17f2-4e86-9e95-05b2f2a92455,energy.creditcard,premium,82,35,6,,,
a119295b-94ce-4711-aab5-fe24282af0b4,energy.cricket,available,82,35,6,,,
26601144-52f6-4ec1-97ba-b5c84c286481,energy.cruises,available,82,35,6,,,
0024b80b-661c-4898-8a55-918b9e992e84,energy.cv,premium,82,35,6,,,
c05afbf3-378b-4e58-8b3b-ff17790535c8,energy.cx,resell,82,35,6,West263 International Limited,25/04/2025 00:00,25/04/2026 16:25
e872cb20-821d-42d6-ac01-b544c1a44941,energy.dad,premium,82,35,6,,,
c9954911-b5b7-4dcf-bde2-1d8c07a16fcf,energy.date,premium,82,35,6,,,
6c323c57-9906-4259-9bb6-af3ca2e98eb8,energy.dating,available,82,35,6,,,
e78ec044-fa8d-40d9-b43e-330d75e5d212,energy.day,premium,82,35,6,,,
99d6bd67-3c7c-4f6b-b6ae-30d65f70fd8d,energy.deal,premium,82,35,6,,,
e0ad0304-e4ff-427e-8627-05606a7eb94f,energy.dealer,premium,82,35,6,,,
4ed93953-f867-46d1-a1f5-c0e836787c2a,energy.deals,expiring,82,35,6,"GoDaddy.com, LLC",11/12/2015 07:06,11/12/2025 07:06
1d0077b1-712d-41a4-b246-66486ad582e1,energy.degree,available,82,35,6,,,
640cf246-6a34-4bef-b5bc-169800e84bc7,energy.democrat,available,82,35,6,,,
79eaee31-4446-4b26-a311-b05c0a2b0c24,energy.dentist,premium,82,35,6,,,
a2d7e7f6-346e-4d15-a094-e179bb67070a,energy.diamonds,available,82,35,6,,,
e280710e-2750-416d-90ee-c14ff536c7e0,energy.diet,resell,82,35,6,Namecheap,22/01/2023 16:03,22/01/2026 23:59
f6cc9d25-3aed-4dc1-a68b-e714aac370fe,energy.diy,premium,82,35,6,,,
800faa86-5506-41a4-9548-a5c737bb7dde,energy.dog,resell,82,35,6,"Sav.com, LLC",30/11/2024 17:14,30/11/2026 17:14
5b0be9e6-2b06-4665-9ebc-8280b61d9331,energy.domains,premium,82,35,6,,,
7b16f124-c90b-48fa-bc0b-3d6c1096879e,energy.download,premium,82,35,6,,,
082ca652-e313-40a9-8462-faaace69d33d,energy.earth,expiring,82,35,6,"GoDaddy.com, LLC",08/01/2019 09:59,08/01/2026 09:59
f74fa184-48ea-4155-be37-5ca41f77340e,energy.education,expiring,82,35,6,"GoDaddy.com, LLC",22/12/2015 12:54,22/12/2025 12:54
8c3f9304-ee6b-42d4-9f69-22354ec1914f,energy.engineer,premium,82,35,6,,,
adf32fed-17e2-449a-a05a-357d01f92cdc,energy.engineering,premium,82,35,6,,,
81608103-11bb-4884-adfe-6d38b2d490b4,energy.enterprises,resell,82,35,6,Porkbun LLC,02/08/2019 05:50,02/08/2026 05:50
a69c2638-0a07-471e-8a4e-1939923fbfbd,energy.esq,premium,82,35,6,,,
21d44c72-22e0-4451-8eb5-0f2e93c568b2,energy.exchange,resell,82,35,6,1API GmbH,04/03/2019 23:41,04/03/2026 23:41
2ca09ca7-2657-4c70-85bf-fa46ecf7af7c,energy.expert,premium,82,35,6,,,
bfce9614-dba5-4381-bc47-3d940dc18f9a,energy.exposed,premium,82,35,6,,,
fd5776e2-3c7a-4f27-8be4-b7bf73424053,energy.express,resell,82,35,6,"Spaceship, Inc.",16/07/2015 16:41,16/07/2026 16:41
1d96f40f-c0aa-48f0-9e89-a3f8873e6329,energy.fail,premium,82,35,6,,,
7e595c05-9d24-4edb-b3b8-e8ee71fff8a4,energy.faith,premium,82,35,6,,,
a8d2f9dc-4d2f-4ad9-b978-fa55f0adabbf,energy.family,resell,82,35,6,Squarespace Domains II LLC,20/06/2021 18:53,20/06/2026 18:53
2ee13f71-2062-4a4c-97fe-e332b2c606bc,energy.fashion,resell,82,35,6,Porkbun,12/03/2025 10:54,12/03/2026 10:54
d306b892-fa54-4427-b850-cedc2e735fa2,energy.fast,premium,82,35,6,,,
70c86d3c-a1cc-4d06-a732-d968d93ff820,energy.film,available,82,35,6,,,
350c0d64-5d60-4a8e-807e-78a87e52dae1,energy.financial,premium,82,35,6,,,
b8e96d37-7ffd-46da-b14d-4e72cbc3c922,energy.fish,premium,82,35,6,,,
b4734a17-bb28-4e2b-bb5f-b4a0d8809915,energy.fishing,premium,82,35,6,,,
86240f1b-55a0-4cc1-a9d7-94ba4351c23b,energy.flights,premium,82,35,6,,,
f63f2c73-b0ce-4414-a790-e41faa7c6722,energy.florist,available,82,35,6,,,
70931420-6c3e-4e9b-b15d-81e378467358,energy.flowers,available,82,35,6,,,
5a108dad-8587-4316-95e5-b9bcc10debf4,energy.fm,premium,82,35,6,,,
2ffb3c88-2547-46a5-aa09-424935f27cdc,energy.foo,premium,82,35,6,,,
a96aea59-0594-4497-83e1-ab9acc4b3836,energy.food,premium,82,35,6,,,
f12ff9d4-1386-456b-bc97-52189ba2a62c,energy.football,available,82,35,6,,,
26b97689-5637-45cd-9085-2597d89c848e,energy.forsale,premium,82,35,6,,,
7edd2817-48ca-40a5-bdb3-dd444daf1655,energy.foundation,premium,82,35,6,,,
822a2cf1-600c-4d60-9dc4-dd6386288db9,energy.free,premium,82,35,6,,,
5736c73d-281f-4f9f-b3cb-0d2db609b24b,energy.fun,premium,82,35,6,,,
2a412e68-a512-4bae-a0f6-1fba7c2d35b4,energy.furniture,available,82,35,6,,,
c5e62439-98e5-4dd8-a347-6dad3d004bae,energy.futbol,available,82,35,6,,,
55491f43-2789-4133-b487-56c0e8b25373,energy.gallery,premium,82,35,6,,,
e1234b4b-cb16-4384-bc07-b54c5e3418e3,energy.game,premium,82,35,6,,,
e28ed56f-a362-4ecf-8a96-f8699cdda29f,energy.games,resell,82,35,6,"DNSPod, Inc.",22/01/2021 07:45,22/01/2026 07:45
2b37c849-3d4a-4e82-89d8-9f45e8a3e718,energy.garden,expiring,82,35,6,"eNom, LLC",19/12/2019 06:42,19/12/2025 06:42
2941d1cc-1c5b-4ee9-99c1-bd32ff24e659,energy.gay,premium,82,35,6,,,
443c46b4-4b3f-47ec-9da2-d60f3b231bc8,energy.gg,resell,82,35,6,"NameCheap, Inc (https://www.namecheap.com)",,
b5cc1368-5b64-478d-a660-302c09e1883a,energy.gift,available,82,35,6,,,
f2d43097-0669-42e8-829d-ee00a5ff4fdb,energy.giving,premium,82,35,6,,,
919bbf7d-6ef6-4d95-99d1-5ffc72a4727f,energy.glass,premium,82,35,6,,,
1ffca2fd-2ddd-4cf3-b258-bbaa580ec942,energy.gold,resell,82,35,6,"DNSPod, Inc.",12/05/2018 10:04,12/05/2026 10:04
0e2ecc67-fe93-449a-90d9-d23eb79e2552,energy.graphics,available,82,35,6,,,
39c686cf-7158-4c48-a4d7-fd804c6f1749,energy.gripe,premium,82,35,6,,,
b5a2c429-f1a1-42b5-ad66-ca9d124ee5e3,energy.group,resell,82,35,6,"GoDaddy.com, LLC",04/06/2016 16:00,04/06/2026 16:00
26e843ed-2ec2-4ca7-9a1c-d5bdbecc5bfc,energy.guide,resell,82,35,6,Dynadot Inc,27/07/2015 07:25,27/07/2026 07:25
e7bf09a1-c909-4b50-aee1-5146a9ac3b9f,energy.guitars,available,82,35,6,,,
84e05c6e-d6c7-44b6-97be-636260fc392e,energy.hair,premium,82,35,6,,,
6d9f0695-bb87-43a8-838f-aee9815e3175,energy.health,premium,82,35,6,,,
2b86c7bc-adbc-4e7a-aaab-a6cc77310dba,energy.healthcare,available,82,35,6,,,
eaf8f0c9-38c6-4564-ba47-b8c6a99d12fe,energy.hiphop,available,82,35,6,,,
11e07d77-26e0-4d3b-a623-1935f7a41437,energy.hiv,available,82,35,6,,,
a3648030-1b8c-4fc2-b85f-c58aa2e0b572,energy.hockey,available,82,35,6,,,
51c11b86-4461-480d-aafd-e151a2ab1f40,energy.holdings,expired,82,35,6,Porkbun LLC,29/09/2024 03:19,29/09/2025 03:19
e041239a-7f0d-4a12-af59-ec263e42428e,energy.holiday,available,82,35,6,,,
12a20ab8-d76c-47c1-affd-553451ac7022,energy.homes,premium,82,35,6,,,
b08885a5-b486-45ef-8410-5f84d341d034,energy.horse,premium,82,35,6,,,
80dda5e3-8e39-4b0d-acfe-0caf5790113b,energy.hospital,available,82,35,6,,,
0ea2f79f-7b26-4e1e-b0f4-70b68a1c2760,energy.host,premium,82,35,6,,,
651c75dd-72d9-4db5-a66c-445cdf110d7f,energy.hosting,available,82,35,6,,,
9772784e-b417-4159-8e50-008776bbd879,energy.hot,premium,82,35,6,,,
652e9cbc-f5d2-4240-ab2d-483cea8da7e3,energy.how,premium,82,35,6,,,
7e7b1d41-7a60-4fa2-b951-d94f2db6ae53,energy.icu,premium,82,35,6,,,
451fd9c8-8f6c-41a8-9cf0-10d07af22253,energy.im,premium,82,35,6,,,
14233b0d-8715-4c06-b825-c9a3ff1a8dcf,energy.immobilien,available,82,35,6,,,
732f9b5c-5240-4933-aec5-f1b9260a8994,energy.ing,premium,82,35,6,,,
bdff5c59-9816-42f7-a3dc-7c59e7dcf9a3,energy.investments,premium,82,35,6,,,
6c685f19-af10-459b-977f-44d1f575f94f,energy.io,resell,82,35,6,"Spaceship, Inc.",29/01/2007 01:41,29/01/2026 01:41
fb72a325-0972-46b4-a7af-dc5ee12d260c,energy.irish,available,82,35,6,,,
fcfbed50-e7e2-4641-8297-99c6e123193a,energy.jetzt,available,82,35,6,,,
dc7214a7-fc4c-4ba9-8cb4-ccad19946622,energy.jewelry,expiring,82,35,6,"GoDaddy.com, LLC",11/12/2015 16:23,11/12/2025 16:23
d2124082-1244-47be-a057-c93f902b4f14,energy.juegos,available,82,35,6,,,
773d5019-91bb-4ac4-a081-8386685cf47f,energy.kaufen,available,82,35,6,,,
4a4386fa-2593-4c77-b980-fe7f43cf396c,energy.land,resell,82,35,6,Dynadot Inc,08/05/2022 13:15,08/05/2026 13:15
15f41e95-6aa0-4e44-b167-c780827d2083,energy.law,resell,82,35,6,"GoDaddy.com, LLC",20/08/2020 18:28,20/08/2028 18:28
e02f8871-ac81-4dc5-92bc-1d9b92cb5c5f,energy.lawyer,premium,82,35,6,,,
40d2b30b-a484-4ede-aa3b-963c9b6e8ff5,energy.lgbt,available,82,35,6,,,
87551b0f-f4c3-4817-9b04-71ef530bf869,energy.lifestyle,premium,82,35,6,,,
fb725b12-bcf2-4451-b850-fac73a97a0ea,energy.limo,available,82,35,6,,,
bb914b03-5f75-4f89-8dab-6b7014920c11,energy.living,premium,82,35,6,,,
370d8840-e620-4753-b0c4-9c722b8fb884,energy.llc,premium,82,35,6,,,
81df63af-840e-449c-a1cd-53a0224fc430,energy.loan,premium,82,35,6,,,
2861b858-00c0-43e0-b652-adc09e08b655,energy.loans,resell,82,35,6,Dynadot Inc,11/11/2025 17:00,11/11/2026 17:00
a42273c5-d669-4e3f-a3b6-99351226ffe8,energy.locker,premium,82,35,6,,,
70e89e42-0923-410e-845d-83455257adef,energy.love,premium,82,35,6,,,
411d0742-9ebd-4ddc-abc9-6771f7799a64,energy.ltda,premium,82,35,6,,,
84c1c2cc-0e3d-48ec-a291-511c44c9ae34,energy.luxury,available,82,35,6,,,
db08819e-232b-4901-973b-228ec98737d5,energy.maison,premium,82,35,6,,,
cd0bf067-1e49-4e4f-8071-b9704516a508,energy.makeup,premium,82,35,6,,,
54e34ee4-9b56-4bdc-9ac1-74b2d9e96f2f,energy.me,resell,82,35,6,"GoDaddy.com, LLC",15/08/2008 09:59,15/08/2026 09:59
c25c8f51-72dc-4b57-83e1-d22468a802f1,energy.melbourne,premium,82,35,6,,,
8c9ca0b6-74be-4ee1-8611-a2749cbf59f0,energy.meme,premium,82,35,6,,,
0f64d396-eff1-41ba-abb0-8d177dea0ee7,energy.memorial,premium,82,35,6,,,
4685bcfb-ec7f-4e85-801e-49c724a00049,energy.men,premium,82,35,6,,,
5eee9149-e128-4a18-9868-97ad9f2c09fe,energy.menu,premium,82,35,6,,,
d206dbc0-da4a-43bc-81ad-2d7a06e04448,energy.miami,resell,82,35,6,"Global Domains International, Inc. DBA DomainCostClub.com",23/04/2021 23:34,23/04/2026 23:34
85d0070d-b242-44d3-812b-d5f618657a46,energy.mobi,premium,82,35,6,,,
ec2e8fe8-e1e6-46e7-a88b-061a6be94f78,energy.moe,premium,82,35,6,,,
f371fc5e-7036-44ac-b0d1-36c69c1dc545,energy.mom,premium,82,35,6,,,
d0d5dcbb-4bb9-4e41-8142-670581a2c133,energy.mortgage,premium,82,35,6,,,
d0c24bc1-d0c2-4c52-acad-fa0aafaaec30,energy.motorcycles,premium,82,35,6,,,
003252c7-84a1-4251-97f1-8aee384df531,energy.mov,premium,82,35,6,,,
9593d1f7-cd41-4900-9181-bb2ca6d2cfd8,energy.movie,available,82,35,6,,,
31f21f41-b794-422c-90e1-82bd53dd903b,energy.mx,expiring,82,35,6,Registrar.eu,10/12/2022 00:00,10/12/2025 00:00
2a6d3c0f-74b0-4a9f-a599-b2e53c2a01b5,energy.name,premium,82,35,6,,,
41efe486-e902-4f55-9cd5-9d72ebf3cf20,energy.navy,available,82,35,6,,,
c2de6bc4-b53c-4d06-a2a4-cf57e613069f,energy.network,resell,82,35,6,"Go France Domains, LLC",10/12/2014 16:00,10/12/2026 16:00
45c53568-2a3b-4b5a-86b1-2c7ac3e3fdd7,energy.nexus,premium,82,35,6,,,
8170036a-26d0-4b72-bd84-b9ce421510fa,energy.nyc,resell,82,35,6,Hello Internet Corp.,11/10/2016 13:27,10/10/2027 23:59
b7044df9-1ae4-448a-98a4-d5952edef437,energy.onl,resell,82,35,6,Porkbun LLC,28/05/2025 05:07,28/05/2027 05:07
44985b36-1855-4f17-acfb-86ca08c8c82d,energy.online,premium,82,35,6,,,
48b1e336-30a0-4286-a71d-14a724eb8dcc,energy.ooo,expired,82,35,6,Key-Systems LLC,24/10/2014 13:44,24/10/2025 23:59
fa37c37b-b2aa-4a64-8104-0a64d83ada85,energy.organic,expired,82,35,6,Porkbun LLC,29/09/2024 03:19,29/09/2025 03:19
48051668-35b6-43a5-9116-e9826a87829e,energy.osaka,premium,82,35,6,,,
43ff6412-ddf4-4bea-873a-7bb264c11398,energy.page,premium,82,35,6,,,
fa13ff41-3695-42aa-a2df-4233cc0f230b,energy.party,resell,82,35,6,"Spaceship, Inc.",27/03/2022 15:44,27/03/2026 15:44
197b477c-a896-4782-b3df-10b51ff0ff7f,energy.phd,premium,82,35,6,,,
53722af7-37e9-4432-9356-59ec33fa6148,energy.photo,premium,82,35,6,,,
8db8d00f-7939-4b10-af5b-1d9aa59703d4,energy.photos,available,82,35,6,,,
f96df46a-a7fc-4fdb-bea4-7a82682fec9f,energy.pics,expiring,82,35,6,"Spaceship, Inc.",27/12/2024 15:49,27/12/2025 23:59
6f7db4c0-e6d6-48ee-ae3b-f174698633c9,energy.plumbing,available,82,35,6,,,
2ed70031-49bb-4a84-a7bf-1244af1db2ef,energy.poker,premium,82,35,6,,,
7f5f19c9-614b-4ec4-89fc-1bab7eeb0ca9,energy.porn,premium,82,35,6,,,
cdef28bd-7dc4-4b7e-91ce-3dff191af2e9,energy.press,premium,82,35,6,,,
6a9295c0-0d9c-456a-85a8-a35017914e48,energy.prof,premium,82,35,6,,,
88ac64e2-11ac-44dd-a668-1b0feb30e42a,energy.promo,premium,82,35,6,,,
ec87ff06-8423-4cfa-a126-b288c5d7998e,energy.properties,premium,82,35,6,,,
ffed8642-6118-451c-9a07-9213acbaf796,energy.property,premium,82,35,6,,,
b0a5102c-a4bb-4e4f-ad56-197f91a5f064,energy.protection,available,82,35,6,,,
d07dc2d7-3621-43af-9227-ea60eaf5c54c,energy.pub,resell,82,35,6,"Chengdu West Dimension Digital Technology Co., Ltd.",16/06/2020 21:40,16/06/2026 21:40
820d5cc6-6f89-48c7-ab01-fcf7f5fa599e,energy.pw,premium,82,35,6,,,
d6199d2a-a44a-4a11-80fa-da7bab9a68b2,energy.qpon,premium,82,35,6,,,
953f84d9-afe5-4c83-8083-7305bd31cc68,energy.quest,premium,82,35,6,,,
3e632e8f-296f-4ba3-bbad-f12e69bd1f27,energy.racing,premium,82,35,6,,,
eb707744-774b-4abd-89b0-0baf4f337363,energy.realty,premium,82,35,6,,,
2c42d7db-26dd-446d-b99e-6bebf9cc095e,energy.red,resell,82,35,6,"Spaceship, Inc.",27/11/2020 14:31,27/11/2026 14:31
9200ee46-d68b-4b3e-94ff-c45596e49e43,energy.rehab,premium,82,35,6,,,
73239366-5f33-4f14-8ce3-5b64930b042a,energy.reise,available,82,35,6,,,
d3e7a6ab-c8d5-40e2-9ee5-2fbcacea0cc4,energy.reisen,available,82,35,6,,,
99e3ac6e-30e4-47c0-b486-6476dddc83c6,energy.repair,resell,82,35,6,"Sav.com, LLC",23/11/2024 17:14,23/11/2026 17:14
21fba7c2-6474-4b70-ad51-05a9b1c5599f,energy.republican,available,82,35,6,,,
8c89284f-c39c-4ca5-b282-d51605724f4f,energy.rest,premium,82,35,6,,,
e59dcb7b-3089-48fa-b5f7-d4d6e31e694e,energy.review,premium,82,35,6,,,
73de70e3-5bac-415c-abc5-c229b80e82f5,energy.reviews,premium,82,35,6,,,
f143c185-775d-49c7-b3dd-c550b05ace0d,energy.rich,available,82,35,6,,,
5873d251-a147-485a-81ee-a9b97abbc310,energy.rip,available,82,35,6,,,
5905889f-7b25-4f7e-8314-20a1e78644b1,energy.rodeo,premium,82,35,6,,,
21ff7dbe-751b-4209-93b7-1b42278e9895,energy.rsvp,premium,82,35,6,,,
e64319c9-89ab-4a6b-b2a9-01d1cbbd6c7b,energy.run,resell,82,35,6,"DNSPod, Inc.",30/05/2019 05:27,30/05/2026 05:27
a8763719-4d20-4a69-9029-a8da90ecc344,energy.sale,premium,82,35,6,,,
0f961efb-90b3-48bb-9a38-4a9a3451f170,energy.sarl,available,82,35,6,,,
0d36a808-d4db-4f10-94f2-f1e9b7ed5d7e,energy.sbs,premium,82,35,6,,,
94a7f233-455e-4350-9698-c8ddcbb37f68,energy.school,resell,82,35,6,"Global Domains International, Inc. DBA DomainCostClub.com",21/02/2025 15:15,21/02/2026 15:15
c40d3b48-7807-476a-8af9-9e3a5a3db3fb,energy.schule,available,82,35,6,,,
7e8824ee-45fc-4484-b95a-1d5717f71c19,energy.science,premium,82,35,6,,,
3b193d95-3825-44fc-8df4-cbaf43f2077b,energy.security,available,82,35,6,,,
91bf4750-82f0-4f4c-b87f-7188ef7074d4,energy.services,resell,82,35,6,Dynadot Inc,09/09/2016 07:56,09/09/2027 07:56
52dcbc92-44e8-46b1-93b3-2cf995a3c9f1,energy.sexy,available,82,35,6,,,
f6d1444e-3ed1-4b63-a525-4d523c91768a,energy.sh,resell,82,35,6,"humbly, LLC",10/07/2016 00:30,10/07/2026 00:30
71b6f84d-c95c-4dda-af58-ef49dc4bb8d3,energy.shiksha,premium,82,35,6,,,
0df14983-8d83-4a2d-b869-6b02331c822e,energy.shoes,available,82,35,6,,,
47557a9f-b00f-4103-ab0d-162fa92d4a6a,energy.shopping,premium,82,35,6,,,
59305f9f-040b-4347-aee7-5923a0882b92,energy.show,resell,82,35,6,"Chengdu West Dimension Digital Technology Co., Ltd.",22/02/2019 23:23,22/02/2026 23:23
38a90281-5b65-457b-a1f4-b6ce0784f4d2,energy.singles,available,82,35,6,,,
3c48c83d-27a8-4ef1-9fab-2f4a172eae2c,energy.ski,available,82,35,6,,,
764b719f-367f-42fb-8d3b-7931daac10d9,energy.skin,premium,82,35,6,,,
0f4dafbd-442c-42ed-a500-35d5d2439cbf,energy.so,resell,82,35,6,NameCheap,18/08/2020 03:02,18/08/2025 03:02
d1ab40eb-94ae-45ec-99c9-4c0e898e29e6,energy.soccer,available,82,35,6,,,
64bbff23-8618-40d2-8a39-b0af6e35c5e6,energy.social,premium,82,35,6,,,
a8b70998-5baa-4e40-bbc9-f13245f16d4e,energy.software,premium,82,35,6,,,
7b50c55c-e72f-4bc9-a95b-a47aa4c6a89d,energy.solar,premium,82,35,6,,,
b7c82ade-0ebb-4186-aa14-0e489bd68aff,energy.soy,premium,82,35,6,,,
ec34bf4a-d522-4e77-b4b9-8ea35c11cee4,energy.space,premium,82,35,6,,,
ebcc1b0f-f187-44b7-8617-04126d71f830,energy.spot,premium,82,35,6,,,
40e1b800-c294-4108-b2c6-938719200d8e,energy.srl,available,82,35,6,,,
7d9900c1-7e1c-454d-89b4-76d2446524a4,energy.stream,premium,82,35,6,,,
ba396f72-be24-4791-a282-75abc7847b85,energy.study,premium,82,35,6,,,
2ef0f7b3-b6d7-42c1-84e9-7693774ecf80,energy.style,resell,82,35,6,"Sav.com, LLC",22/04/2023 08:57,22/04/2026 08:57
5ff41181-27d2-48c7-b5af-73a41bb971fc,energy.sucks,premium,82,35,6,,,
507c1844-f774-4281-97f7-53ae534b764f,energy.support,expiring,82,35,6,Porkbun LLC,19/12/2024 06:14,19/12/2025 06:14
7d25342e-10e7-485f-b612-dc4c9f3d0c62,energy.surf,premium,82,35,6,,,
7df00fb5-9558-411a-9794-f0a71e096363,energy.surgery,premium,82,35,6,,,
b6ead73d-40d7-42b1-91d9-344fc2764119,energy.sydney,premium,82,35,6,,,
33febae2-b91a-4179-8da7-f65019a0d5a0,energy.talk,premium,82,35,6,,,
2759a978-8197-42f8-a732-4f2bdd211334,energy.tax,resell,82,35,6,"Chengdu West Dimension Digital Technology Co., Ltd.",21/04/2020 09:45,21/04/2026 09:45
a3ebf7c4-3b76-41b8-8427-ccf7e50191bb,energy.tech,sold,82,35,6,NAME DOT STORE INC,16/02/2021 19:40,16/02/2029 23:59
a9650f30-e830-46ce-9118-ed1e6f21ad5a,energy.tennis,available,82,35,6,,,
a5398f77-1530-4c7c-b44d-2bba39300edb,energy.theater,available,82,35,6,,,
aca8a7fd-7284-491c-a9cb-3d924b54f644,energy.theatre,available,82,35,6,,,
5e44d84f-8074-4644-a791-ac5f15054c15,energy.tickets,available,82,35,6,,,
7ec05720-c2ef-45ed-b178-1d76e2486260,energy.tienda,available,82,35,6,,,
dfce0057-d191-46eb-b5a7-91a590ae3a98,energy.tips,premium,82,35,6,,,
b106abe3-78ca-463f-97a9-e093f40ddec4,energy.top,premium,82,35,6,,,
bc731cce-22ea-40cb-bfd3-df15e427e7bc,energy.tours,expired,82,35,6,"Sav.com, LLC",03/10/2024 17:11,03/10/2025 17:11
0e310a59-1636-4297-9069-028cce8ee88e,energy.town,premium,82,35,6,,,
6809a5c4-a41d-491d-ad48-e23726f57fa6,energy.toys,available,82,35,6,,,
b8e32eb2-5f5b-4dcb-b4a6-1e8a82403dbf,energy.trade,resell,82,35,6,Porkbun,29/07/2019 12:42,29/07/2030 12:42
b728b57a-f7c2-4571-8644-9c0c7de95f68,energy.training,resell,82,35,6,IONOS SE,24/07/2015 10:13,24/07/2027 10:13
e972ea6c-eeb1-40a0-b984-91731b10b482,energy.travel,resell,82,35,6,"Global Domains International, Inc. DBA DomainCostClub.com",16/01/2025 15:16,16/01/2026 15:16
7e5fd16a-c45f-413b-a760-32182ee61c9b,energy.uk,resell,82,35,6,Global Domains Limited t/a Global Domains Limited,24/04/2019 10:48,24/04/2027 10:48
f6a4826a-d148-42e0-bb0f-b1c4583fc45e,energy.university,premium,82,35,6,,,
dc4e6d79-d5d4-4c00-a4fe-e83caef8a2b9,energy.uno,premium,82,35,6,,,
558d63ae-725f-4f2a-a924-dc016ed89e32,energy.vacations,available,82,35,6,,,
071b682b-240f-49f5-b9b2-aadd3614663a,energy.vana,available,82,35,6,,,
c8241092-940f-461f-8934-25f00132ec2e,energy.vegas,premium,82,35,6,,,
16a2da03-d48a-4081-9adb-dde3d93dd07f,energy.viajes,available,82,35,6,,,
9db7f372-6217-4d2f-a629-82b836d8fa06,energy.villas,premium,82,35,6,,,
4c1dfdc5-dfd5-4724-b1d3-7037483d3f15,energy.vin,resell,82,35,6,"Xiamen ChinaSource Internet Service Co., Ltd",06/03/2024 08:55,06/03/2026 08:55
511956bf-48a0-4ca8-a87f-112abea7a01c,energy.vodka,premium,82,35,6,,,
ad8dadc4-6342-427a-9945-7f0c2df493f9,energy.voting,available,82,35,6,,,
51bb8bab-9dc1-4b58-b0d3-d6d4fa51aa37,energy.voto,premium,82,35,6,,,
3924b53c-3b0a-43a3-8f87-d18a8367c1f3,energy.voyage,available,82,35,6,,,
1d2dfe9c-92f3-40d9-8683-184348d415b9,energy.watch,premium,82,35,6,,,
fada1d73-b6dd-45f7-aa54-4bf914b8c0e8,energy.webcam,premium,82,35,6,,,
287eac85-057c-4dad-87b8-f8f23effeab0,energy.website,premium,82,35,6,,,
f15d154d-d4ca-43f4-918a-af0c8a523baa,energy.wedding,premium,82,35,6,,,
fd8f5e7c-41ac-4897-b1d4-e4f6e5aac828,energy.wiki,premium,82,35,6,,,
44201bd8-daa5-41d6-9dd2-0751e73529ef,energy.win,premium,82,35,6,,,
6b17aa37-b704-41d3-b2a7-593555d794f7,energy.works,expiring,82,35,6,"GoDaddy.com, LLC",08/01/2016 00:05,08/01/2026 00:05
f8faa81f-a84f-4a30-b6e0-4c2cf81a02be,energy.world,resell,82,35,6,Porkbun LLC,12/01/2015 20:56,12/01/2027 20:56
c09b2a65-8cb6-46e2-ad01-eeab07fc17b5,energy.yachts,premium,82,35,6,,,
7e60ab53-8bd6-4730-ab97-005871f4ea84,energy.yoga,resell,82,35,6,"Spaceship, Inc.",23/04/2021 16:00,23/04/2026 16:00
d2f49513-0994-4908-b618-6d72bbfa3d1f,energy.you,premium,82,35,6,,,
6edc9d6f-7269-441d-9028-dc27a6b5ad87,energy.zip,premium,82,35,6,,,
43ee9afc-2b93-4d9b-a58b-72c746efec76,energy.zone,sold,82,35,6,"NameCheap, Inc.",24/10/2025 09:00,24/10/2026 09:00
fcdd2985-eb6d-4334-ad34-10a0a1395715,powersupply.app,available,54,88,12,,,
87b10fc6-b817-4fe3-9f43-8443ba622135,powersupply.at,available,54,88,12,,,
e42ea099-c67d-45fc-a551-5ec4e931a832,powersupply.cloud,available,54,88,12,,,
7ffb4068-f2c9-455c-8cb4-2d3ef5070595,powersupply.co,resell,54,88,12,InternetX GmbH,07/04/2017 18:07,06/04/2026 23:59
5d0638e3-6857-4303-9236-c2fa4b25e1a6,powersupply.com,resell,54,88,12,"Sea Wasp, LLC",03/06/1995 04:00,02/06/2026 04:00
450618b3-a019-41d9-b9c6-d86d6261e1c1,powersupply.dev,available,54,88,12,,,
2ef08788-dfc9-4151-abf3-53c398d6ad2f,powersupply.expert,available,54,88,12,,,
58a0e09a-63d2-48c1-80a2-a0343bf24440,powersupply.gg,available,54,88,12,,,
3be135be-4487-4172-a645-5e9b8f752e26,powersupply.ninja,available,54,88,12,,,
60155407-1850-4e97-aa65-4f0e054e1fc4,powersupply.online,premium,54,88,12,,,
705eb893-ece1-45e7-9d97-01bdcbbb036d,powersupply.space,available,54,88,12,,,
e7707a45-901e-4901-b8c6-88d79779b63b,powersupply.store,premium,54,88,12,,,
5d015577-7178-455a-9d32-b998709fb733,powersupply.tech,premium,54,88,12,,,
b6ee3fcf-b35b-4ca3-86fd-62b8c812e971,powersupply.zone,available,54,88,12,,,
4ef2e064-8cf5-435f-9192-fd744b80ad47,solarpower.at,available,,48,11,,,
5ce47834-84bc-4db0-b985-cde463d9d9a2,solarpower.cloud,premium,,48,11,,,
2f122f45-b015-4eea-8fb2-0a81065c51d9,solarpower.dev,premium,,48,11,,,
f3c01e2b-83b5-4bdb-9751-12ca7d91ea32,solarpower.expert,available,,48,11,,,
3aa7d09e-6151-4124-9b95-1355f913948f,solarpower.gg,available,,48,11,,,
412390ef-cd60-42ba-98c3-f9c6e8fb1038,solarpower.io,resell,,48,11,"GoDaddy.com, LLC",13/08/2014 00:30,13/08/2025 00:30
91f5551d-a03b-4dcd-964d-02c5338a3911,solarpower.online,premium,,48,11,,,
b53232f1-1c39-46f5-ba63-2ef0c7be3c8b,solarpower.site,premium,,48,11,,,
0420735c-9cd2-463f-965c-777921420388,solarpower.space,premium,,48,11,,,
d3a32066-41d4-4e09-87ce-6156eaa74549,solarpower.store,premium,,48,11,,,
250149bf-95ed-4be1-9f0a-29bb6c56f5c1,solarpower.tech,premium,,48,11,,,
a2d4f4ff-6d95-45cb-a28f-d18961b16f1d,solarpower.xyz,resell,,48,11,"Go Daddy, LLC",02/06/2014 17:36,02/06/2026 23:59
fff127d1-c96e-411b-8f2b-69bbf86f5089,solarpower.zone,expired,,48,11,Dynadot Inc,24/05/2024 17:00,24/05/2025 17:00
0cb6214f-f310-4caf-bc85-79080ff22a24,greenhydrogen.dev,available,68,80,14,,,
f9e6132a-dcae-4a5a-8bdd-7633006c701f,greenhydrogen.expert,available,68,80,14,,,
566f1df9-6626-4fe2-9c52-6dd39494fbc6,greenhydrogen.gg,available,68,80,14,,,
9a7c6257-27eb-489d-b927-b47dfb509171,greenhydrogen.it,resell,68,80,14,,15/12/2022 09:00,15/12/2025 00:00
0259a888-c116-42c3-826f-389d889b5a69,greenhydrogen.me,premium,68,80,14,,,
fe4b7af9-1722-453b-ad8c-4f844b9d4ef8,greenhydrogen.site,available,68,80,14,,,
653ec2ed-4fe3-49d2-b6fc-6de878485e1f,greenhydrogen.so,available,68,80,14,,,
78a34f9c-2c76-43d2-82d3-4de52cdeef6c,greenhydrogen.store,available,68,80,14,,,
b254a5cb-f9f9-4937-a6b4-5a978aec2a5f,greenhydrogen.us,premium,68,80,14,,,
bf671273-b643-4de7-8dd7-ed4a062b6c3f,greenhydrogen.zone,available,68,80,14,,,
32a7e430-fc9e-4f99-bc1d-00a80fd8b9c5,bluehydrogen.app,available,62,76,13,,,
04a0be77-77a7-4397-974a-047994318f45,bluehydrogen.at,available,62,76,13,,,
06b94d9f-381e-4ae3-92cc-0b18419c345c,bluehydrogen.cloud,available,62,76,13,,,
763081c4-6032-4dd7-a5c5-1189fbe9a2d8,bluehydrogen.co,expiring,62,76,13,Sav.com LLC,26/07/2024 00:20,26/07/2025 00:20
79cafd2b-9911-4c40-a7d1-f86911118e4a,bluehydrogen.dev,available,62,76,13,,,
772f70f4-660b-4652-a905-5017832cd1f6,bluehydrogen.expert,available,62,76,13,,,
e293de80-8bd1-45ad-8447-4b7213770fb8,bluehydrogen.gg,available,62,76,13,,,
3e9e82b7-c139-4e0b-b99f-7605797571ac,bluehydrogen.io,available,62,76,13,,,
fdea6547-323e-444d-8778-5b7f90b93fff,bluehydrogen.me,available,62,76,13,,,
637e70c2-5822-4556-aa43-806035e17c7e,bluehydrogen.ninja,available,62,76,13,,,
3fbbaec2-28e1-4513-b42a-2c05a67b27c2,bluehydrogen.online,available,62,76,13,,,
4aa46a2f-cdf1-472a-87f5-28c9e0447702,bluehydrogen.pro,available,62,76,13,,,
67e0bd7b-af58-4113-b182-7ba743f241a9,bluehydrogen.site,available,62,76,13,,,
d703fc63-5050-41c9-ac58-ff4f4aaf19fe,bluehydrogen.so,available,62,76,13,,,
1343c4d4-7b44-4c41-87c8-16e1b25dacd3,bluehydrogen.space,available,62,76,13,,,
d4b6bc72-f5ae-4bc1-a4c0-d429304e97ca,bluehydrogen.store,available,62,76,13,,,
9770da22-a982-4b28-a292-d142c3f96785,bluehydrogen.tech,available,62,76,13,,,
b63a45d4-4626-4970-8c20-361a0dcf150d,bluehydrogen.xyz,available,62,76,13,,,
2305c6dd-a29f-423d-9603-1f4f6140be76,bluehydrogen.zone,available,62,76,13,,,
9a9d8a8a-4a6b-4155-ae2e-78a5c06a96bc,storage.app,resell,88,80,7,"Sav.com, LLC",28/09/2022 17:00,28/09/2025 17:00
8296e5a3-d5a8-4396-9992-0434f7aac819,storage.at,sold,88,80,7,Brunner Webhosting - Dipl.-Ing. Dr. Walter Brunner ( https://nic.at/registrar/65 ),,
7ef10144-6b5d-4f30-afd5-2395f314b4ea,storage.cloud,premium,88,80,7,,,
b3aadd1e-1802-4111-934c-ee982d4cf304,storage.co,resell,88,80,7,Hello Internet Corp.,25/02/2010 01:04,24/02/2026 23:59
aa6f8efe-a330-4564-9063-04c53c6a154d,storage.gg,resell,88,80,7,Porkbun LLC (https://porkbun.com/),,
9091038e-7c02-4792-bef8-759ea9dd3e3a,storage.io,resell,88,80,7,Porkbun LLC,20/05/2009 18:34,20/05/2026 18:34
106d7f43-892d-4f29-9c62-a8f25485ffae,storage.me,sold,88,80,7,"GoDaddy.com, LLC",29/04/2008 18:03,29/04/2026 18:03
5117bd42-4c4d-41fb-a44e-cb1f455ec656,storage.ninja,resell,88,80,7,"Name.com, Inc.",19/05/2014 17:19,19/05/2026 17:19
82b29593-81cb-424c-a00b-9e48157bd472,storage.online,premium,88,80,7,,,
4072a994-f754-4672-a83b-85d866791e9c,storage.site,premium,88,80,7,,,
6430448e-d632-443b-8878-72b9b3b365f2,storage.space,resell,88,80,7,Dotserve Inc,02/04/2019 14:05,02/04/2029 23:59
6257f727-733e-4c52-a755-aeff6e34e49b,storage.store,premium,88,80,7,,,
1db024f7-c70e-4715-9aaf-eaddea7fadb9,storage.tech,premium,88,80,7,,,
8034c2bb-fa5c-40c0-bfc1-bb19b5bcc512,storage.xyz,premium,88,80,7,,,
2c6fa103-1d9e-4dda-a74e-2b4ac35194c7,naturalgas.ac,available,,7,11,,,
4a98889e-7b14-46cb-bbaf-a6c37c969928,naturalgas.academy,available,,7,11,,,
7a9e6d5d-6891-4c7b-b6bb-657a3e5ee74f,naturalgas.accountant,available,,7,11,,,
85e3afd1-cd5f-40bb-baaa-24dd5deeeb49,naturalgas.accountants,available,,7,11,,,
4d557361-62e2-4d62-ad90-9d0e6107e880,naturalgas.actor,available,,7,11,,,
6ebd108d-00a7-4ec4-9e2d-9dbd6531b0b5,naturalgas.adult,available,,7,11,,,
fe41501f-cceb-46b5-a237-1f9ccd7fab9e,naturalgas.ag,available,,7,11,,,
607374be-721b-486a-a732-6549783fd976,naturalgas.agency,available,,7,11,,,
3a1cd045-3d12-4ee2-b5c4-c8593e5e63fb,naturalgas.airforce,available,,7,11,,,
313635b1-8d65-4b3f-89be-3946b0dc16e3,naturalgas.apartments,available,,7,11,,,
39c68d99-39d0-40f2-9e1a-d64bb5d0ce30,naturalgas.archi,available,,7,11,,,
be0c123a-3345-4dcc-8cbc-8c957bcd5f1b,naturalgas.army,available,,7,11,,,
5fa5a7cf-0467-4c35-9e1d-792c938d29e0,naturalgas.art,premium,,7,11,,,
1b6d4095-9fef-42b6-8cca-0ccb164f5432,naturalgas.associates,available,,7,11,,,
b8a23663-56c4-4f68-b391-f91329c0d493,naturalgas.at,available,,7,11,,,
14c55b77-ebad-4faf-b307-96315f755670,naturalgas.attorney,available,,7,11,,,
528d5492-b29c-4df3-8460-6c293eee099c,naturalgas.auction,premium,,7,11,,,
e739823c-ea34-4d3f-bff9-d0a23f841d06,naturalgas.audio,available,,7,11,,,
6852b617-6498-44df-83f8-bfdf10da085b,naturalgas.auto,available,,7,11,,,
c0cedd3d-d9c1-4a60-b582-81790c018a9e,naturalgas.autos,available,,7,11,,,
6892d2d3-bc7d-431d-b368-790abe4ff8e6,naturalgas.baby,available,,7,11,,,
51382f9d-fcbd-482c-8bba-162264fc0722,naturalgas.band,available,,7,11,,,
a6923fef-6adb-4333-a3d8-60dffc1c5386,naturalgas.bar,available,,7,11,,,
182ba5bb-ad5a-4d5d-a097-f98e682e77a0,naturalgas.bargains,available,,7,11,,,
a29b29f0-9009-4ffd-af17-d67b6316649b,naturalgas.bayern,available,,7,11,,,
b8a9f04d-fb63-452b-99c4-ed5ac9ad776d,naturalgas.beauty,available,,7,11,,,
9d522931-f87d-4228-bdc3-12e2a51ca5cd,naturalgas.beer,available,,7,11,,,
97b6d45e-5a5b-4f5a-9502-b37905bbd5c0,naturalgas.berlin,available,,7,11,,,
398c4f5a-d483-46ec-b398-68f3f1b00609,naturalgas.best,available,,7,11,,,
b55ceb51-cae6-493d-8137-91dd25f64602,naturalgas.bet,available,,7,11,,,
bc13b452-5f82-469d-8edd-ec481768e484,naturalgas.bid,available,,7,11,,,
f680f85d-f1c0-4bba-9a2d-f1d6b7d071f3,naturalgas.bike,available,,7,11,,,
5b654869-89aa-4724-827e-b5350f040b5c,naturalgas.bingo,available,,7,11,,,
f39483c0-4abf-4b1c-9f4c-381a5bee7f3e,naturalgas.bio,available,,7,11,,,
7dddfe8d-fba2-4055-a7d2-1a0260cf54ce,naturalgas.biz,premium,,7,11,,,
b89a496b-9db8-478b-98a9-dfa877214a3d,naturalgas.black,available,,7,11,,,
b9b7ad71-8f8d-4816-af2b-8392f8648102,naturalgas.blackfriday,available,,7,11,,,
39151399-f65c-4086-8d21-f0b642b2eca8,naturalgas.blog,premium,,7,11,,,
0bfa6ec8-b043-49e9-bbb5-dd36457049e9,naturalgas.blue,available,,7,11,,,
1a6c75a9-1062-467a-9c64-9b631784234f,naturalgas.boats,available,,7,11,,,
614fae2d-6a23-42bf-84e0-91d2a77bc8a7,naturalgas.bond,premium,,7,11,,,
a3a9f337-16e9-44d1-8603-cec1707b424d,naturalgas.boo,available,,7,11,,,
3a367a52-ae55-4d74-970c-9fb3f2e79206,naturalgas.boston,available,,7,11,,,
63d6f53e-33aa-4dd2-90f8-ba530d9ffd5c,naturalgas.bot,available,,7,11,,,
70ec1146-21d9-4531-81cd-280df19a5d44,naturalgas.boutique,available,,7,11,,,
4f444e28-8287-409f-8dd8-d2b8ab0c44ec,naturalgas.build,available,,7,11,,,
56801488-fc5a-466f-84b8-d5f94d7b74be,naturalgas.builders,available,,7,11,,,
befdb984-9d7f-4dde-ae59-8f232fdbce50,naturalgas.business,resell,,7,11,Porkbun LLC,08/12/2014 18:49,08/12/2026 18:49
5948428d-65b8-4a77-8e95-b3f4af2d6c34,naturalgas.buzz,available,,7,11,,,
22fa0172-a940-4f3f-bab1-b04094fa78f5,naturalgas.bz,available,,7,11,,,
669f10c0-32f9-433c-8a1e-2c4d7591d723,naturalgas.cab,available,,7,11,,,
dce53924-096a-4807-b2f0-72be66bf8de3,naturalgas.cafe,available,,7,11,,,
a492c21c-0508-476b-9147-0ed14aa0205d,naturalgas.cam,available,,7,11,,,
c2ae6f04-c9f0-4ffd-ac76-e627b3ac0e96,naturalgas.camera,available,,7,11,,,
a1d34ba2-58b8-4f06-9e73-5fe966880840,naturalgas.camp,available,,7,11,,,
d9ea8e7f-79b6-4b13-9edb-11e29c087cd1,naturalgas.capital,available,,7,11,,,
f3c4dc55-1643-420a-aac0-6844036ca87c,naturalgas.car,available,,7,11,,,
944f5e89-ee8e-43e0-9a44-af0534e611c7,naturalgas.cards,available,,7,11,,,
bfba7354-b7f1-4e6b-8cf6-cd32e08d00dd,naturalgas.care,available,,7,11,,,
1dba9997-691a-46b8-9222-9f7c6a1a0442,naturalgas.careers,available,,7,11,,,
b3a12c0a-ce67-4c6e-9b60-0e08b69be231,naturalgas.cars,available,,7,11,,,
9f71bc22-421f-4105-ae73-0ebedba3f3e6,naturalgas.casa,available,,7,11,,,
3e3d0436-83f1-4b4c-85c6-096ec5c76cf2,naturalgas.cash,available,,7,11,,,
92493ad1-f48e-42d4-bc62-814e0215b8f8,naturalgas.casino,available,,7,11,,,
90fd0b86-bff2-4cc5-b867-c83f7adf66a0,naturalgas.catering,available,,7,11,,,
69c7efc4-3f6e-4d37-93bc-9ac464851d1c,naturalgas.center,available,,7,11,,,
0eb146bf-90f5-4b9d-ba31-086e7d3d97d6,naturalgas.ceo,available,,7,11,,,
c2c23534-1674-435f-9882-bf3f7fb5482a,naturalgas.cfd,premium,,7,11,,,
53546f43-dab6-4dfe-b494-f67a6444d486,naturalgas.charity,available,,7,11,,,
94b7f8a6-88b8-4f54-b25e-873c842ec7fb,naturalgas.chat,available,,7,11,,,
eacebc22-072e-422f-8a22-9749723f28bd,naturalgas.cheap,available,,7,11,,,
53786bcd-9f93-4035-92d9-7f2369b193c4,naturalgas.christmas,available,,7,11,,,
0b0736fa-732a-4a51-8495-e5b14a6f71b1,naturalgas.church,available,,7,11,,,
b7464a97-2a0e-4f63-b9da-74565cce80e3,naturalgas.city,available,,7,11,,,
e0c97163-0d2a-4642-93ac-39d44540b1af,naturalgas.claims,available,,7,11,,,
8aa02483-563f-4067-bef8-8e54c47b5c07,naturalgas.cleaning,available,,7,11,,,
c810050a-4274-4988-a026-cf5c74c472d0,naturalgas.click,expired,,7,11,"Dynadot, LLC",12/10/2024 03:34,12/10/2025 03:34
65a36ff2-c6dd-4e3a-8632-a322b20c2490,naturalgas.clinic,available,,7,11,,,
c03283f9-369b-49a4-a49d-d6de0549c925,naturalgas.clothing,available,,7,11,,,
cbfc2746-f021-4a26-b409-6d2c39a53fd1,naturalgas.cloud,available,,7,11,,,
81f9c490-e7fa-4162-be43-e92e66eff776,naturalgas.coach,available,,7,11,,,
c335e9e0-4084-4ae4-90e5-9020c9a3271a,naturalgas.codes,available,,7,11,,,
1fb19294-77a4-45cd-82e7-ac5dee68ad57,naturalgas.coffee,available,,7,11,,,
ff7c0614-56b3-4331-8fc7-1f67b6c3cac6,naturalgas.college,available,,7,11,,,
5cb6c628-cdf7-4761-8668-ae5cc12e509e,naturalgas.community,available,,7,11,,,
ad6e41dd-7652-4b6d-a5ae-847f6cee1702,naturalgas.company,premium,,7,11,,,
fc4982dc-7102-4693-a582-dd9c5865199a,naturalgas.computer,available,,7,11,,,
a46bcff2-f4f9-4862-8c78-6dc8b4d08a87,naturalgas.condos,available,,7,11,,,
e4d47f40-cdfb-4745-a64b-96a00156135e,naturalgas.construction,available,,7,11,,,
56e09b25-3231-49cc-90e0-4521d09a7d5b,naturalgas.contact,available,,7,11,,,
454784e5-6b91-40fe-9352-89c1de238ec6,naturalgas.contractors,available,,7,11,,,
16d6c66f-90cb-49d1-b22c-431e7bbcbfd5,naturalgas.cooking,available,,7,11,,,
5da15807-3b43-4b82-a7c1-1cea8600dcc8,naturalgas.cool,available,,7,11,,,
61997edf-73e9-4626-95d7-ab99cbe2591d,naturalgas.country,available,,7,11,,,
b0342089-65b8-4aab-8d2c-cf7fbf64f26f,naturalgas.coupons,available,,7,11,,,
e1633c60-899b-4d01-bece-8f8c5dc7fb35,naturalgas.courses,available,,7,11,,,
65079fcf-bf4d-473b-8a00-3ec8a6cd089f,naturalgas.credit,available,,7,11,,,
17a9583d-db0e-4dd5-af71-3a781d5f9237,naturalgas.creditcard,available,,7,11,,,
15003552-4b51-4e9e-905a-fdea0de6c795,naturalgas.cricket,available,,7,11,,,
1da22d18-30a9-47c7-97fc-d4afea76c41f,naturalgas.cruises,available,,7,11,,,
516e45f5-6930-4217-8635-9b7ab024cda0,naturalgas.cv,premium,,7,11,,,
6756b71e-ec89-434e-bac0-5645da95d651,naturalgas.cx,available,,7,11,,,
38da72e2-0daa-432a-b362-3c1392306e2b,naturalgas.cyou,premium,,7,11,,,
00361652-aa41-4d0e-a36d-5d4643ef5a3f,naturalgas.dad,available,,7,11,,,
0e58cfe7-8079-498b-992f-7e79ccbcfc53,naturalgas.dance,available,,7,11,,,
14de01a2-7805-4151-bb55-f6aef9a7b901,naturalgas.date,available,,7,11,,,
f2e949f2-b6cf-43d4-b8ae-45c2f7ce1682,naturalgas.dating,available,,7,11,,,
8a7b818e-aebf-4385-b827-e3371ea53721,naturalgas.day,available,,7,11,,,
75f1031b-2a92-44b0-9b41-c24d59d33fe0,naturalgas.deal,premium,,7,11,,,
839ec083-d3cf-458f-b4c8-928d12b174cf,naturalgas.dealer,available,,7,11,,,
106b5e8f-bea4-49d3-b239-a6962fed42fb,naturalgas.deals,available,,7,11,,,
e751ba1b-24ca-4aa3-8ba7-c580ead1dc52,naturalgas.degree,available,,7,11,,,
279731f7-3553-40e9-ade3-30a4d4f6f7e0,naturalgas.delivery,available,,7,11,,,
fc23eed1-9485-4432-a722-0a15bb2fb582,naturalgas.democrat,available,,7,11,,,
0090abc4-88fa-4cd8-9005-d99faa92a005,naturalgas.dental,available,,7,11,,,
94ffa7d5-d27c-42ef-b61a-51a1d621147d,naturalgas.dentist,available,,7,11,,,
04ecf276-12e4-45ca-9a9c-684a57981cb5,naturalgas.dev,available,,7,11,,,
74640464-287e-4fd8-bed2-2cf1f3c39ee6,naturalgas.diamonds,available,,7,11,,,
fc94742c-ba36-4fde-971a-1db75fd47b14,naturalgas.diet,available,,7,11,,,
881fa7e1-f4a2-4711-932f-d10256766be6,naturalgas.digital,available,,7,11,,,
d6946e41-fa7c-4bc9-aae6-6a93fecb3d0d,naturalgas.direct,available,,7,11,,,
89dee582-637c-4499-a49b-8cc2b84f2c28,naturalgas.directory,available,,7,11,,,
d25e4337-3b4b-4861-a8d2-d06683f59327,naturalgas.discount,available,,7,11,,,
591a4bba-9351-418d-9f1a-756315abd02e,naturalgas.diy,available,,7,11,,,
7fe491c8-eae4-42ae-a793-9b438cc263d0,naturalgas.doctor,available,,7,11,,,
9aeb79e6-9372-423b-8b9e-fa89acd61ef1,naturalgas.dog,available,,7,11,,,
3e4d1a64-9996-4bba-8cfd-6d297a18ba73,naturalgas.domains,available,,7,11,,,
9594631a-2086-4ae9-8955-05ad24569d3e,naturalgas.download,available,,7,11,,,
e4483e6d-25ce-409a-aab0-a6876dcb87f2,naturalgas.education,available,,7,11,,,
94465072-65ac-476f-bd17-3094e9487f9b,naturalgas.email,available,,7,11,,,
f559d7cb-f98f-4f4e-aed2-e4bda55d0475,naturalgas.energy,resell,,7,11,Porkbun LLC,06/02/2015 20:40,06/02/2026 20:40
24b671cd-62eb-429e-b282-8571d9918fb8,naturalgas.engineer,available,,7,11,,,
b66a0a44-6dca-4e81-8153-fb7ccf968532,naturalgas.engineering,available,,7,11,,,
4b583436-db9d-4676-a7c8-bd3e301e3d0f,naturalgas.enterprises,available,,7,11,,,
70bc0f4c-ca9a-45ca-8c5e-ec0f46328670,naturalgas.equipment,available,,7,11,,,
4c05c520-8c16-431a-baa8-184942393b92,naturalgas.esq,available,,7,11,,,
4e8bde72-5b66-40f4-9a45-671c3294560c,naturalgas.estate,available,,7,11,,,
f5428c5f-fd35-47d2-b266-4d582fdb119f,naturalgas.events,available,,7,11,,,
36b32301-5294-4a8d-92fa-ba3bc60aad81,naturalgas.expert,available,,7,11,,,
a69b409b-d0ea-4571-a496-03c78a7c0f8c,naturalgas.exposed,available,,7,11,,,
94b00686-8820-44a0-b850-c2389feef9cb,naturalgas.express,available,,7,11,,,
954002ac-bc84-4774-9f24-4909e98197d2,naturalgas.fail,available,,7,11,,,
7c54b373-39af-47e7-9f98-96fc2e86fa56,naturalgas.faith,available,,7,11,,,
cb6ef8b5-b875-4a64-9a01-8ab6a45d93dd,naturalgas.family,available,,7,11,,,
cb889007-ac71-43ee-b8c6-fd2e1d4ccfc8,naturalgas.fan,available,,7,11,,,
b9bd8d1d-a721-442e-9de3-de9b3cd429d9,naturalgas.fans,available,,7,11,,,
cb9c5072-55ff-4e07-b49b-6ad184b172e5,naturalgas.farm,available,,7,11,,,
ee850c82-389d-4dfb-b250-78139f55c94d,naturalgas.fashion,available,,7,11,,,
a730a2f5-1e37-40fe-bb7f-8ccabf1cb76b,naturalgas.fast,premium,,7,11,,,
16f593ab-9d60-40bb-9e92-d943488b3008,naturalgas.feedback,available,,7,11,,,
4b4ec38d-8263-45ee-af50-e56faba1736d,naturalgas.film,available,,7,11,,,
b158c496-59ae-493d-9af1-5187951ae051,naturalgas.finance,available,,7,11,,,
f011d903-c95a-4c46-82e8-565850dcb651,naturalgas.financial,available,,7,11,,,
5361cfad-491b-4d5d-825e-d8d16392915c,naturalgas.fish,available,,7,11,,,
1d01c4e3-99fa-4508-82c4-d743a6149ccd,naturalgas.fishing,available,,7,11,,,
41a35dbf-00c8-4849-973f-9bd55934a5b1,naturalgas.fit,available,,7,11,,,
1baf8359-6f16-4d53-afc2-56f5a4f9be3d,naturalgas.fitness,available,,7,11,,,
a7cf84eb-d820-411e-bf5e-50c2b07a3382,naturalgas.flights,available,,7,11,,,
df2a688c-a4b9-46f5-89f0-b20bbfeb66df,naturalgas.florist,available,,7,11,,,
3ea38047-5588-4e7b-bd7b-b3f35fe15f93,naturalgas.flowers,available,,7,11,,,
28a6ba02-c746-4bc4-ad21-88c605927e1c,naturalgas.fm,available,,7,11,,,
3a9fc3dc-9041-4c62-a755-6f349ec47625,naturalgas.foo,available,,7,11,,,
26932cf2-a6ca-45b6-8ce6-e74e6420174a,naturalgas.food,available,,7,11,,,
61fbc6bf-4c12-41d6-aa0a-2f5bccd8001e,naturalgas.football,available,,7,11,,,
1cb353af-ccb4-4530-99d8-b0d8615cec35,naturalgas.forsale,premium,,7,11,,,
98c3f55a-0c79-4a54-bbdb-0285902c7507,naturalgas.forum,available,,7,11,,,
9f1d9b1d-cc6b-485b-b3dc-456285c7c5bd,naturalgas.foundation,available,,7,11,,,
1f33e0a7-e2e5-47b1-b251-c380467dffc3,naturalgas.free,premium,,7,11,,,
0ef068a2-a76e-43ee-9411-6de3d02e4edf,naturalgas.fun,available,,7,11,,,
1802c362-272a-41a1-9c74-5c165b8fa690,naturalgas.fund,available,,7,11,,,
ff2c1904-9de9-46b6-bb14-6703ceb8b561,naturalgas.furniture,available,,7,11,,,
95a1c933-ffbf-4dcc-9293-1fd45f164e75,naturalgas.futbol,available,,7,11,,,
f13b50a6-c2aa-4eb6-a79c-6671861d6dd9,naturalgas.gallery,available,,7,11,,,
580d1878-e195-4966-99e3-a2252c4ce382,naturalgas.game,available,,7,11,,,
988b26ce-e889-44e6-b25a-4fb718c7951c,naturalgas.games,available,,7,11,,,
916fba79-fc7e-422a-920a-f5072611a760,naturalgas.garden,available,,7,11,,,
38307567-bf35-42e4-b994-af8bb85a6ebd,naturalgas.gay,available,,7,11,,,
65efa643-6ddf-4330-92c3-2e19d5f0e11a,naturalgas.gg,available,,7,11,,,
7f0f07be-1806-4cd9-8eb6-4210a74104c7,naturalgas.gift,available,,7,11,,,
226f21c9-4f59-446d-8b73-40e5bcef82e6,naturalgas.gifts,available,,7,11,,,
07ab9c99-4df8-4079-8f88-7aa701663862,naturalgas.gives,available,,7,11,,,
3e7c19a8-0f6a-462a-bad0-534847d040f9,naturalgas.giving,available,,7,11,,,
738df470-6bec-4d20-887d-bd5d82b0f432,naturalgas.glass,available,,7,11,,,
b97d6ca4-8571-4cbf-b6f7-8804f999e5b6,naturalgas.global,available,,7,11,,,
2794061a-0aa4-4037-bca1-15a7d74c96a7,naturalgas.gmbh,available,,7,11,,,
9da36d64-0be7-44d0-b263-e72d91571287,naturalgas.gold,available,,7,11,,,
a1b2aa3f-0bb4-4f01-8833-453fd236fa93,naturalgas.golf,available,,7,11,,,
d137ef43-75d9-4645-bc6c-c8e7373d3611,naturalgas.graphics,available,,7,11,,,
96b8994f-c86d-400f-a030-c14dd875057f,naturalgas.gratis,available,,7,11,,,
7fafa327-ca74-47b0-8f96-3801c45e50aa,naturalgas.green,available,,7,11,,,
477537d1-70c1-4a3a-8c22-cdd5391db3d2,naturalgas.gripe,available,,7,11,,,
704a426b-f748-4c28-857f-3023e96c930f,naturalgas.group,available,,7,11,,,
3148c4af-835c-439c-878c-4c274c64d40c,naturalgas.guide,available,,7,11,,,
899192be-47fd-456b-9d36-ce11071750be,naturalgas.guitars,available,,7,11,,,
f6d8c385-1244-4047-bbfa-dbd26ba22599,naturalgas.guru,available,,7,11,,,
c6c5cae6-5eb8-4b1c-97e3-957a01d38938,naturalgas.hair,available,,7,11,,,
d27898fd-4e9f-4922-8ab3-44736daaacd3,naturalgas.haus,available,,7,11,,,
a5aee147-3389-4171-84d8-650e372e5e69,naturalgas.health,available,,7,11,,,
09276234-f439-4f01-a011-e43119578caf,naturalgas.healthcare,available,,7,11,,,
aec63294-6867-47fe-abe1-bfe5d0f46f6c,naturalgas.help,available,,7,11,,,
219808f7-7ee5-4e6e-948a-82ae522044ef,naturalgas.hiphop,available,,7,11,,,
1334e75f-d2bd-4b55-8401-afb549905117,naturalgas.hiv,available,,7,11,,,
6d42ab4c-6390-4722-a4d5-b6d1af66c26d,naturalgas.hockey,available,,7,11,,,
31855b48-cd6b-44d6-9122-b0755f1dbb48,naturalgas.holdings,available,,7,11,,,
987a031c-8dd1-4cbe-9930-333693ac44a7,naturalgas.holiday,available,,7,11,,,
d7be5928-c6f5-4b38-9ac2-5ab87d5e6655,naturalgas.homes,available,,7,11,,,
f21e3400-6d56-4929-bf1a-da1a7f3eaacb,naturalgas.horse,available,,7,11,,,
d295a3a1-5622-4606-bc29-2e7959e8ea48,naturalgas.hospital,available,,7,11,,,
c6b47191-4cb1-42fe-a6bb-0723446262c8,naturalgas.host,available,,7,11,,,
de70b61d-4d41-4bef-a0de-e6665f8d0475,naturalgas.hosting,available,,7,11,,,
ce841aa8-32e6-49a1-99e3-6fa835d1c558,naturalgas.hot,premium,,7,11,,,
bdebce18-e6b0-48a9-a3ea-1114c812b45a,naturalgas.house,available,,7,11,,,
c418124a-c65d-43cd-8753-c9736f5fb86a,naturalgas.icu,available,,7,11,,,
a05c337f-6406-4e5d-8d91-fca9ceced1d3,naturalgas.im,available,,7,11,,,
d5035d09-c9be-4e3c-bf5a-7ca2b45ca647,naturalgas.immo,available,,7,11,,,
15cb8aa3-09c5-4183-ba12-7cb26a944008,naturalgas.immobilien,available,,7,11,,,
b7d85503-2840-4b52-8217-0a79b2d17999,naturalgas.inc,available,,7,11,,,
1fd8720e-2080-4316-8952-c64cabec6665,naturalgas.industries,available,,7,11,,,
1d83897b-879d-4696-8bb1-3657f84cd54e,naturalgas.info,expired,,7,11,"GoDaddy.com, LLC",28/09/2024 17:45,28/09/2025 17:45
52735e42-a82b-4a84-955d-f9ca0375572a,naturalgas.ing,available,,7,11,,,
4bfe9bb5-0c3f-40bb-ba10-c7a60efa5454,naturalgas.ink,available,,7,11,,,
97ccd087-f1d5-4f95-b537-f827505048fe,naturalgas.institute,available,,7,11,,,
489c687a-c040-4251-a80b-fa59b9a3349c,naturalgas.insure,available,,7,11,,,
b21afb1b-8a7d-4629-9aa2-7323ce3ddba8,naturalgas.international,available,,7,11,,,
7f504547-d7b7-452d-866f-712d1286b95d,naturalgas.investments,available,,7,11,,,
eb00a26e-4ee8-462c-93b5-ba4ae454f203,naturalgas.io,resell,,7,11,"Sav.com, LLC",15/08/2019 10:14,15/08/2026 10:14
1279e983-3cc4-46ae-b7e5-b907ad9c9e88,naturalgas.irish,available,,7,11,,,
7e2a6400-364c-4648-8427-7c66538d5db0,naturalgas.it,expired,,7,11,,28/11/2013 09:00,02/12/2025 00:00
d84ea8a3-aa36-4a71-9755-bafee223fee2,naturalgas.jetzt,available,,7,11,,,
d3067267-2366-4235-9e2d-b1cdf481bc92,naturalgas.jewelry,available,,7,11,,,
8b89e3b5-1109-4456-abe9-5fc4c2664a98,naturalgas.juegos,available,,7,11,,,
2b35c238-304f-4ebf-9651-18593155cd80,naturalgas.kaufen,available,,7,11,,,
1f1a14d9-38e9-46f9-aa39-9e4d952ade15,naturalgas.kids,premium,,7,11,,,
ac21ae8e-6751-4c7f-998a-a5eee3777a67,naturalgas.kim,available,,7,11,,,
cd0fe073-7646-45d2-86f5-ba0ee29a9a82,naturalgas.kitchen,available,,7,11,,,
8c6164bf-ce23-4d6c-8626-cb48fa59ce50,naturalgas.la,resell,,7,11,TLD Registrar Solutions Ltd,07/07/2015 00:54,07/07/2026 23:59
0c3ab968-f50c-4861-9798-d6ab3d58a826,naturalgas.land,available,,7,11,,,
77fb66bb-2a3e-419d-badd-33f16deb87b7,naturalgas.lat,available,,7,11,,,
4b4c069a-8202-429c-be95-3abfd62cab3d,naturalgas.law,available,,7,11,,,
755c2991-2ab6-424c-b30a-31e461870521,naturalgas.lawyer,available,,7,11,,,
1f02c10f-90ee-40f0-b783-92325ccd3c8a,naturalgas.lease,available,,7,11,,,